speedDebug.cons_v[0], 0.0,
speedDebug.cons_v[1], 0.0,
speedDebug.cons_v[2], 0.0,
speedDebug.cons_v[3], 0.0,
speedDebug.cons_v[4], 0.0,
speedDebug.cons_v[5], 0.0,
speedDebug.cons_v[6], 0.0,
speedDebug.cons_v[7], 0.0,
speedDebug.cons_v[8], 0.0,
speedDebug.cons_v[9], 0.0,
speedDebug.cons_v[10], 0.0,
speedDebug.cons_v[11], 0.0,
speedDebug.cons_v[12], 0.0,
speedDebug.cons_v[13], 0.0,
speedDebug.cons_v[14], 0.0,
speedDebug.cons_v[15], 0.0,
speedDebug.cons_v[16], 0.0,
speedDebug.cons_v[17], 0.0,
speedDebug.cons_v[18], 0.0,
speedDebug.cons_v[19], 0.0,
speedDebug.cons_v[20], 0.0,
speedDebug.cons_v[21], 0.0,
speedDebug.cons_v[22], 0.0025,
speedDebug.cons_v[23], 0.005,
speedDebug.cons_v[24], 0.0075,
speedDebug.cons_v[25], 0.01,
speedDebug.cons_v[26], 0.012499999,
speedDebug.cons_v[27], 0.014999999,
speedDebug.cons_v[28], 0.017499998,
speedDebug.cons_v[29], 0.019999998,
speedDebug.cons_v[30], 0.022499997,
speedDebug.cons_v[31], 0.024999997,
speedDebug.cons_v[32], 0.027499996,
speedDebug.cons_v[33], 0.029999996,
speedDebug.cons_v[34], 0.032499995,
speedDebug.cons_v[35], 0.034999996,
speedDebug.cons_v[36], 0.037499998,
speedDebug.cons_v[37], 0.04,
speedDebug.cons_v[38], 0.0425,
speedDebug.cons_v[39], 0.045,
speedDebug.cons_v[40], 0.047500003,
speedDebug.cons_v[41], 0.050000004,
speedDebug.cons_v[42], 0.052500006,
speedDebug.cons_v[43], 0.055000007,
speedDebug.cons_v[44], 0.05750001,
speedDebug.cons_v[45], 0.06000001,
speedDebug.cons_v[46], 0.06250001,
speedDebug.cons_v[47], 0.065000005,
speedDebug.cons_v[48], 0.0675,
speedDebug.cons_v[49], 0.07,
speedDebug.cons_v[50], 0.0725,
speedDebug.cons_v[51], 0.074999996,
speedDebug.cons_v[52], 0.07749999,
speedDebug.cons_v[53], 0.07999999,
speedDebug.cons_v[54], 0.08249999,
speedDebug.cons_v[55], 0.084999986,
speedDebug.cons_v[56], 0.08749998,
speedDebug.cons_v[57], 0.08999998,
speedDebug.cons_v[58], 0.09249998,
speedDebug.cons_v[59], 0.09499998,
speedDebug.cons_v[60], 0.097499974,
speedDebug.cons_v[61], 0.09999997,
speedDebug.cons_v[62], 0.10249997,
speedDebug.cons_v[63], 0.10499997,
speedDebug.cons_v[64], 0.107499965,
speedDebug.cons_v[65], 0.10999996,
speedDebug.cons_v[66], 0.11249996,
speedDebug.cons_v[67], 0.11499996,
speedDebug.cons_v[68], 0.117499955,
speedDebug.cons_v[69], 0.11999995,
speedDebug.cons_v[70], 0.12249995,
speedDebug.cons_v[71], 0.12499995,
speedDebug.cons_v[72], 0.12749995,
speedDebug.cons_v[73], 0.12999995,
speedDebug.cons_v[74], 0.13249995,
speedDebug.cons_v[75], 0.13499995,
speedDebug.cons_v[76], 0.13749994,
speedDebug.cons_v[77], 0.13999994,
speedDebug.cons_v[78], 0.14249994,
speedDebug.cons_v[79], 0.14499994,
speedDebug.cons_v[80], 0.14749993,
speedDebug.cons_v[81], 0.14999993,
speedDebug.cons_v[82], 0.15249993,
speedDebug.cons_v[83], 0.15499993,
speedDebug.cons_v[84], 0.15749992,
speedDebug.cons_v[85], 0.15999992,
speedDebug.cons_v[86], 0.16249992,
speedDebug.cons_v[87], 0.16499992,
speedDebug.cons_v[88], 0.16749991,
speedDebug.cons_v[89], 0.16999991,
speedDebug.cons_v[90], 0.17249991,
speedDebug.cons_v[91], 0.17499991,
speedDebug.cons_v[92], 0.1774999,
speedDebug.cons_v[93], 0.1799999,
speedDebug.cons_v[94], 0.1824999,
speedDebug.cons_v[95], 0.1849999,
speedDebug.cons_v[96], 0.1874999,
speedDebug.cons_v[97], 0.1899999,
speedDebug.cons_v[98], 0.19249989,
speedDebug.cons_v[99], 0.19499989,
speedDebug.cons_v[100], 0.19749989,
speedDebug.cons_v[101], 0.19999988,
speedDebug.cons_v[102], 0.20249988,
speedDebug.cons_v[103], 0.20499988,
speedDebug.cons_v[104], 0.20749988,
speedDebug.cons_v[105], 0.20999987,
speedDebug.cons_v[106], 0.21249987,
speedDebug.cons_v[107], 0.21499987,
speedDebug.cons_v[108], 0.21749987,
speedDebug.cons_v[109], 0.21999986,
speedDebug.cons_v[110], 0.22249986,
speedDebug.cons_v[111], 0.22499986,
speedDebug.cons_v[112], 0.22749986,
speedDebug.cons_v[113], 0.22999986,
speedDebug.cons_v[114], 0.23249985,
speedDebug.cons_v[115], 0.23499985,
speedDebug.cons_v[116], 0.23749985,
speedDebug.cons_v[117], 0.23999985,
speedDebug.cons_v[118], 0.24249984,
speedDebug.cons_v[119], 0.24499984,
speedDebug.cons_v[120], 0.24749984,
speedDebug.cons_v[121], 0.24999984,
speedDebug.cons_v[122], 0.25249985,
speedDebug.cons_v[123], 0.25499985,
speedDebug.cons_v[124], 0.25749984,
speedDebug.cons_v[125], 0.25999984,
speedDebug.cons_v[126], 0.26249984,
speedDebug.cons_v[127], 0.26499984,
speedDebug.cons_v[128], 0.26749983,
speedDebug.cons_v[129], 0.26999983,
speedDebug.cons_v[130], 0.27249983,
speedDebug.cons_v[131], 0.27499983,
speedDebug.cons_v[132], 0.27749982,
speedDebug.cons_v[133], 0.27999982,
speedDebug.cons_v[134], 0.28249982,
speedDebug.cons_v[135], 0.28499982,
speedDebug.cons_v[136], 0.28749982,
speedDebug.cons_v[137], 0.2899998,
speedDebug.cons_v[138], 0.2924998,
speedDebug.cons_v[139], 0.2949998,
speedDebug.cons_v[140], 0.2974998,
speedDebug.cons_v[141], 0.2999998,
speedDebug.cons_v[142], 0.3,
speedDebug.cons_v[143], 0.3,
speedDebug.cons_v[144], 0.3,
speedDebug.cons_v[145], 0.3,
speedDebug.cons_v[146], 0.3,
speedDebug.cons_v[147], 0.3,
speedDebug.cons_v[148], 0.3,
speedDebug.cons_v[149], 0.3,
speedDebug.cons_v[150], 0.3,
speedDebug.cons_v[151], 0.3,
speedDebug.cons_v[152], 0.3,
speedDebug.cons_v[153], 0.3,
speedDebug.cons_v[154], 0.3,
speedDebug.cons_v[155], 0.3,
speedDebug.cons_v[156], 0.3,
speedDebug.cons_v[157], 0.3,
speedDebug.cons_v[158], 0.3,
speedDebug.cons_v[159], 0.3,
speedDebug.cons_v[160], 0.3,
speedDebug.cons_v[161], 0.3,
speedDebug.cons_v[162], 0.3,
speedDebug.cons_v[163], 0.3,
speedDebug.cons_v[164], 0.3,
speedDebug.cons_v[165], 0.3,
speedDebug.cons_v[166], 0.3,
speedDebug.cons_v[167], 0.3,
speedDebug.cons_v[168], 0.3,
speedDebug.cons_v[169], 0.3,
speedDebug.cons_v[170], 0.3,
speedDebug.cons_v[171], 0.3,
speedDebug.cons_v[172], 0.3,
speedDebug.cons_v[173], 0.3,
speedDebug.cons_v[174], 0.3,
speedDebug.cons_v[175], 0.3,
speedDebug.cons_v[176], 0.3,
speedDebug.cons_v[177], 0.3,
speedDebug.cons_v[178], 0.3,
speedDebug.cons_v[179], 0.3,
speedDebug.cons_v[180], 0.3,
speedDebug.cons_v[181], 0.3,
speedDebug.cons_v[182], 0.3,
speedDebug.cons_v[183], 0.3,
speedDebug.cons_v[184], 0.3,
speedDebug.cons_v[185], 0.3,
speedDebug.cons_v[186], 0.3,
speedDebug.cons_v[187], 0.3,
speedDebug.cons_v[188], 0.3,
speedDebug.cons_v[189], 0.3,
speedDebug.cons_v[190], 0.3,
speedDebug.cons_v[191], 0.3,
speedDebug.cons_v[192], 0.3,
speedDebug.cons_v[193], 0.3,
speedDebug.cons_v[194], 0.3,
speedDebug.cons_v[195], 0.3,
speedDebug.cons_v[196], 0.3,
speedDebug.cons_v[197], 0.3,
speedDebug.cons_v[198], 0.3,
speedDebug.cons_v[199], 0.3,
speedDebug.cons_v[200], 0.3,
speedDebug.cons_v[201], 0.3,
speedDebug.cons_v[202], 0.3,
speedDebug.cons_v[203], 0.3,
speedDebug.cons_v[204], 0.3,
speedDebug.cons_v[205], 0.3,
speedDebug.cons_v[206], 0.3,
speedDebug.cons_v[207], 0.3,
speedDebug.cons_v[208], 0.3,
speedDebug.cons_v[209], 0.3,
speedDebug.cons_v[210], 0.3,
speedDebug.cons_v[211], 0.3,
speedDebug.cons_v[212], 0.3,
speedDebug.cons_v[213], 0.3,
speedDebug.cons_v[214], 0.3,
speedDebug.cons_v[215], 0.3,
speedDebug.cons_v[216], 0.3,
speedDebug.cons_v[217], 0.3,
speedDebug.cons_v[218], 0.3,
speedDebug.cons_v[219], 0.3,
speedDebug.cons_v[220], 0.3,
speedDebug.cons_v[221], 0.3,
speedDebug.cons_v[222], 0.3,
speedDebug.cons_v[223], 0.3,
speedDebug.cons_v[224], 0.3,
speedDebug.cons_v[225], 0.3,
speedDebug.cons_v[226], 0.3,
speedDebug.cons_v[227], 0.3,
speedDebug.cons_v[228], 0.3,
speedDebug.cons_v[229], 0.3,
speedDebug.cons_v[230], 0.3,
speedDebug.cons_v[231], 0.3,
speedDebug.cons_v[232], 0.3,
speedDebug.cons_v[233], 0.3,
speedDebug.cons_v[234], 0.3,
speedDebug.cons_v[235], 0.3,
speedDebug.cons_v[236], 0.3,
speedDebug.cons_v[237], 0.3,
speedDebug.cons_v[238], 0.3,
speedDebug.cons_v[239], 0.3,
speedDebug.cons_v[240], 0.3,
speedDebug.cons_v[241], 0.3,
speedDebug.cons_v[242], 0.3,
speedDebug.cons_v[243], 0.3,
speedDebug.cons_v[244], 0.3,
speedDebug.cons_v[245], 0.3,
speedDebug.cons_v[246], 0.3,
speedDebug.cons_v[247], 0.3,
speedDebug.cons_v[248], 0.3,
speedDebug.cons_v[249], 0.3,
speedDebug.cons_v[250], 0.3,
speedDebug.cons_v[251], 0.3,
speedDebug.cons_v[252], 0.3,
speedDebug.cons_v[253], 0.3,
speedDebug.cons_v[254], 0.3,
speedDebug.cons_v[255], 0.3,
speedDebug.cons_v[256], 0.3,
speedDebug.cons_v[257], 0.3,
speedDebug.cons_v[258], 0.3,
speedDebug.cons_v[259], 0.3,
speedDebug.cons_v[260], 0.3,
speedDebug.cons_v[261], 0.3,
speedDebug.cons_v[262], 0.3,
speedDebug.cons_v[263], 0.3,
speedDebug.cons_v[264], 0.3,
speedDebug.cons_v[265], 0.3,
speedDebug.cons_v[266], 0.3,
speedDebug.cons_v[267], 0.3,
speedDebug.cons_v[268], 0.3,
speedDebug.cons_v[269], 0.3,
speedDebug.cons_v[270], 0.3,
speedDebug.cons_v[271], 0.3,
speedDebug.cons_v[272], 0.3,
speedDebug.cons_v[273], 0.3,
speedDebug.cons_v[274], 0.3,
speedDebug.cons_v[275], 0.3,
speedDebug.cons_v[276], 0.3,
speedDebug.cons_v[277], 0.3,
speedDebug.cons_v[278], 0.3,
speedDebug.cons_v[279], 0.3,
speedDebug.cons_v[280], 0.3,
speedDebug.cons_v[281], 0.3,
speedDebug.cons_v[282], 0.3,
speedDebug.cons_v[283], 0.3,
speedDebug.cons_v[284], 0.3,
speedDebug.cons_v[285], 0.3,
speedDebug.cons_v[286], 0.3,
speedDebug.cons_v[287], 0.3,
speedDebug.cons_v[288], 0.3,
speedDebug.cons_v[289], 0.3,
speedDebug.cons_v[290], 0.3,
speedDebug.cons_v[291], 0.3,
speedDebug.cons_v[292], 0.3,
speedDebug.cons_v[293], 0.3,
speedDebug.cons_v[294], 0.3,
speedDebug.cons_v[295], 0.3,
speedDebug.cons_v[296], 0.3,
speedDebug.cons_v[297], 0.3,
speedDebug.cons_v[298], 0.3,
speedDebug.cons_v[299], 0.3,
speedDebug.cons_v[300], 0.3,
speedDebug.cons_v[301], 0.3,
speedDebug.cons_v[302], 0.3,
speedDebug.cons_v[303], 0.3,
speedDebug.cons_v[304], 0.3,
speedDebug.cons_v[305], 0.3,
speedDebug.cons_v[306], 0.3,
speedDebug.cons_v[307], 0.3,
speedDebug.cons_v[308], 0.3,
speedDebug.cons_v[309], 0.3,
speedDebug.cons_v[310], 0.3,
speedDebug.cons_v[311], 0.3,
speedDebug.cons_v[312], 0.3,
speedDebug.cons_v[313], 0.3,
speedDebug.cons_v[314], 0.3,
speedDebug.cons_v[315], 0.3,
speedDebug.cons_v[316], 0.3,
speedDebug.cons_v[317], 0.3,
speedDebug.cons_v[318], 0.3,
speedDebug.cons_v[319], 0.3,
speedDebug.cons_v[320], 0.3,
speedDebug.cons_v[321], 0.3,
speedDebug.cons_v[322], 0.3,
speedDebug.cons_v[323], 0.3,
speedDebug.cons_v[324], 0.3,
speedDebug.cons_v[325], 0.3,
speedDebug.cons_v[326], 0.3,
speedDebug.cons_v[327], 0.3,
speedDebug.cons_v[328], 0.3,
speedDebug.cons_v[329], 0.3,
speedDebug.cons_v[330], 0.3,
speedDebug.cons_v[331], 0.3,
speedDebug.cons_v[332], 0.3,
speedDebug.cons_v[333], 0.3,
speedDebug.cons_v[334], 0.3,
speedDebug.cons_v[335], 0.3,
speedDebug.cons_v[336], 0.3,
speedDebug.cons_v[337], 0.3,
speedDebug.cons_v[338], 0.3,
speedDebug.cons_v[339], 0.3,
speedDebug.cons_v[340], 0.3,
speedDebug.cons_v[341], 0.3,
speedDebug.cons_v[342], 0.3,
speedDebug.cons_v[343], 0.3,
speedDebug.cons_v[344], 0.3,
speedDebug.cons_v[345], 0.3,
speedDebug.cons_v[346], 0.3,
speedDebug.cons_v[347], 0.3,
speedDebug.cons_v[348], 0.3,
speedDebug.cons_v[349], 0.3,
speedDebug.cons_v[350], 0.3,
speedDebug.cons_v[351], 0.2975,
speedDebug.cons_v[352], 0.29500002,
speedDebug.cons_v[353], 0.29250002,
speedDebug.cons_v[354], 0.29000002,
speedDebug.cons_v[355], 0.28750002,
speedDebug.cons_v[356], 0.28500003,
speedDebug.cons_v[357], 0.28250003,
speedDebug.cons_v[358], 0.28000003,
speedDebug.cons_v[359], 0.27750003,
speedDebug.cons_v[360], 0.27500004,
speedDebug.cons_v[361], 0.27250004,
speedDebug.cons_v[362], 0.27000004,
speedDebug.cons_v[363], 0.26750004,
speedDebug.cons_v[364], 0.26500005,
speedDebug.cons_v[365], 0.26250005,
speedDebug.cons_v[366], 0.26000005,
speedDebug.cons_v[367], 0.25750005,
speedDebug.cons_v[368], 0.25500005,
speedDebug.cons_v[369], 0.25250006,
speedDebug.cons_v[370], 0.25000006,
speedDebug.cons_v[371], 0.24750006,
speedDebug.cons_v[372], 0.24500006,
speedDebug.cons_v[373], 0.24250007,
speedDebug.cons_v[374], 0.24000007,
speedDebug.cons_v[375], 0.23750007,
speedDebug.cons_v[376], 0.23500007,
speedDebug.cons_v[377], 0.23250008,
speedDebug.cons_v[378], 0.23000008,
speedDebug.cons_v[379], 0.22750008,
speedDebug.cons_v[380], 0.22500008,
speedDebug.cons_v[381], 0.22250009,
speedDebug.cons_v[382], 0.22000009,
speedDebug.cons_v[383], 0.21750009,
speedDebug.cons_v[384], 0.2150001,
speedDebug.cons_v[385], 0.2125001,
speedDebug.cons_v[386], 0.2100001,
speedDebug.cons_v[387], 0.2075001,
speedDebug.cons_v[388], 0.2050001,
speedDebug.cons_v[389], 0.2025001,
speedDebug.cons_v[390], 0.2000001,
speedDebug.cons_v[391], 0.19750011,
speedDebug.cons_v[392], 0.19500011,
speedDebug.cons_v[393], 0.19250011,
speedDebug.cons_v[394], 0.19000012,
speedDebug.cons_v[395], 0.18750012,
speedDebug.cons_v[396], 0.18500012,
speedDebug.cons_v[397], 0.18250012,
speedDebug.cons_v[398], 0.18000013,
speedDebug.cons_v[399], 0.17750013,
speedDebug.cons_v[400], 0.17500013,
speedDebug.cons_v[401], 0.17250013,
speedDebug.cons_v[402], 0.17000014,
speedDebug.cons_v[403], 0.16750014,
speedDebug.cons_v[404], 0.16500014,
speedDebug.cons_v[405], 0.16250014,
speedDebug.cons_v[406], 0.16000015,
speedDebug.cons_v[407], 0.15750015,
speedDebug.cons_v[408], 0.15500015,
speedDebug.cons_v[409], 0.15250015,
speedDebug.cons_v[410], 0.15000015,
speedDebug.cons_v[411], 0.14750016,
speedDebug.cons_v[412], 0.14500016,
speedDebug.cons_v[413], 0.14250016,
speedDebug.cons_v[414], 0.14000016,
speedDebug.cons_v[415], 0.13750017,
speedDebug.cons_v[416], 0.13500017,
speedDebug.cons_v[417], 0.13250017,
speedDebug.cons_v[418], 0.13000017,
speedDebug.cons_v[419], 0.12750018,
speedDebug.cons_v[420], 0.12500018,
speedDebug.cons_v[421], 0.12250018,
speedDebug.cons_v[422], 0.12000018,
speedDebug.cons_v[423], 0.117500186,
speedDebug.cons_v[424], 0.11500019,
speedDebug.cons_v[425], 0.11250019,
speedDebug.cons_v[426], 0.11000019,
speedDebug.cons_v[427], 0.107500196,
speedDebug.cons_v[428], 0.1050002,
speedDebug.cons_v[429], 0.1025002,
speedDebug.cons_v[430], 0.1000002,
speedDebug.cons_v[431], 0.097500205,
speedDebug.cons_v[432], 0.09500021,
speedDebug.cons_v[433], 0.09250021,
speedDebug.cons_v[434], 0.09000021,
speedDebug.cons_v[435], 0.087500215,
speedDebug.cons_v[436], 0.08500022,
speedDebug.cons_v[437], 0.08250022,
speedDebug.cons_v[438], 0.08000022,
speedDebug.cons_v[439], 0.077500224,
speedDebug.cons_v[440], 0.07500023,
speedDebug.cons_v[441], 0.07250023,
speedDebug.cons_v[442], 0.07000023,
speedDebug.cons_v[443], 0.06750023,
speedDebug.cons_v[444], 0.065000236,
speedDebug.cons_v[445], 0.06250024,
speedDebug.cons_v[446], 0.060000237,
speedDebug.cons_v[447], 0.057500236,
speedDebug.cons_v[448], 0.055000234,
speedDebug.cons_v[449], 0.052500233,
speedDebug.cons_v[450], 0.05000023,
speedDebug.cons_v[451], 0.04750023,
speedDebug.cons_v[452], 0.04500023,
speedDebug.cons_v[453], 0.042500228,
speedDebug.cons_v[454], 0.040000226,
speedDebug.cons_v[455], 0.037500225,
speedDebug.cons_v[456], 0.035000224,
speedDebug.cons_v[457], 0.032500222,
speedDebug.cons_v[458], 0.030000223,
speedDebug.cons_v[459], 0.027500223,
speedDebug.cons_v[460], 0.025000224,
speedDebug.cons_v[461], 0.022500224,
speedDebug.cons_v[462], 0.020000225,
speedDebug.cons_v[463], 0.017500225,
speedDebug.cons_v[464], 0.015000226,
speedDebug.cons_v[465], 0.0125002265,
speedDebug.cons_v[466], 0.010000227,
speedDebug.cons_v[467], 0.007500227,
speedDebug.cons_v[468], 0.005000227,
speedDebug.cons_v[469], 0.0025002272,
speedDebug.cons_v[470], 2.2724271E-7,
speedDebug.cons_v[471], -0.0024997727,
speedDebug.cons_v[472], -0.0049997726,
speedDebug.cons_v[473], -0.0074997726,
speedDebug.cons_v[474], -0.0099997725,
speedDebug.cons_v[475], -0.012499772,
speedDebug.cons_v[476], -0.0149997715,
speedDebug.cons_v[477], -0.017499771,
speedDebug.cons_v[478], -0.01999977,
speedDebug.cons_v[479], -0.02249977,
speedDebug.cons_v[480], -0.02499977,
speedDebug.cons_v[481], -0.027499769,
speedDebug.cons_v[482], -0.029999768,
speedDebug.cons_v[483], -0.032499768,
speedDebug.cons_v[484], -0.03499977,
speedDebug.cons_v[485], -0.03749977,
speedDebug.cons_v[486], -0.039999772,
speedDebug.cons_v[487], -0.042499773,
speedDebug.cons_v[488], -0.044999775,
speedDebug.cons_v[489], -0.047499776,
speedDebug.cons_v[490], -0.049999777,
speedDebug.cons_v[491], -0.05249978,
speedDebug.cons_v[492], -0.05499978,
speedDebug.cons_v[493], -0.05749978,
speedDebug.cons_v[494], -0.059999783,
speedDebug.cons_v[495], -0.062499784,
speedDebug.cons_v[496], -0.06499978,
speedDebug.cons_v[497], -0.06749978,
speedDebug.cons_v[498], -0.06999978,
speedDebug.cons_v[499], -0.072499774,
speedDebug.cons_v[500], -0.07499977,
speedDebug.cons_v[501], -0.07749977,
speedDebug.cons_v[502], -0.07999977,
speedDebug.cons_v[503], -0.082499765,
speedDebug.cons_v[504], -0.08499976,
speedDebug.cons_v[505], -0.08749976,
speedDebug.cons_v[506], -0.08999976,
speedDebug.cons_v[507], -0.092499755,
speedDebug.cons_v[508], -0.09499975,
speedDebug.cons_v[509], -0.09749975,
speedDebug.cons_v[510], -0.09999975,
speedDebug.cons_v[511], -0.102499746,
speedDebug.cons_v[512], -0.10499974,
speedDebug.cons_v[513], -0.10749974,
speedDebug.cons_v[514], -0.10999974,
speedDebug.cons_v[515], -0.112499736,
speedDebug.cons_v[516], -0.114999734,
speedDebug.cons_v[517], -0.11749973,
speedDebug.cons_v[518], -0.11999973,
speedDebug.cons_v[519], -0.12249973,
speedDebug.cons_v[520], -0.124999724,
speedDebug.cons_v[521], -0.12749973,
speedDebug.cons_v[522], -0.12999973,
speedDebug.cons_v[523], -0.13249972,
speedDebug.cons_v[524], -0.13499972,
speedDebug.cons_v[525], -0.13749972,
speedDebug.cons_v[526], -0.13999972,
speedDebug.cons_v[527], -0.14249972,
speedDebug.cons_v[528], -0.14499971,
speedDebug.cons_v[529], -0.14749971,
speedDebug.cons_v[530], -0.14999971,
speedDebug.cons_v[531], -0.1524997,
speedDebug.cons_v[532], -0.1549997,
speedDebug.cons_v[533], -0.1574997,
speedDebug.cons_v[534], -0.1599997,
speedDebug.cons_v[535], -0.1624997,
speedDebug.cons_v[536], -0.1649997,
speedDebug.cons_v[537], -0.16749969,
speedDebug.cons_v[538], -0.16999969,
speedDebug.cons_v[539], -0.17249969,
speedDebug.cons_v[540], -0.17499968,
speedDebug.cons_v[541], -0.17749968,
speedDebug.cons_v[542], -0.17999968,
speedDebug.cons_v[543], -0.18249968,
speedDebug.cons_v[544], -0.18499967,
speedDebug.cons_v[545], -0.18749967,
speedDebug.cons_v[546], -0.18999967,
speedDebug.cons_v[547], -0.19249967,
speedDebug.cons_v[548], -0.19499967,
speedDebug.cons_v[549], -0.19749966,
speedDebug.cons_v[550], -0.19999966,
speedDebug.cons_v[551], -0.20249966,
speedDebug.cons_v[552], -0.20499966,
speedDebug.cons_v[553], -0.20749965,
speedDebug.cons_v[554], -0.20999965,
speedDebug.cons_v[555], -0.21249965,
speedDebug.cons_v[556], -0.21499965,
speedDebug.cons_v[557], -0.21749964,
speedDebug.cons_v[558], -0.21999964,
speedDebug.cons_v[559], -0.22249964,
speedDebug.cons_v[560], -0.22499964,
speedDebug.cons_v[561], -0.22749963,
speedDebug.cons_v[562], -0.22999963,
speedDebug.cons_v[563], -0.23249963,
speedDebug.cons_v[564], -0.23499963,
speedDebug.cons_v[565], -0.23749962,
speedDebug.cons_v[566], -0.23999962,
speedDebug.cons_v[567], -0.24249962,
speedDebug.cons_v[568], -0.24499962,
speedDebug.cons_v[569], -0.24749961,
speedDebug.cons_v[570], -0.24999961,
speedDebug.cons_v[571], -0.2524996,
speedDebug.cons_v[572], -0.2549996,
speedDebug.cons_v[573], -0.2574996,
speedDebug.cons_v[574], -0.2599996,
speedDebug.cons_v[575], -0.2624996,
speedDebug.cons_v[576], -0.2649996,
speedDebug.cons_v[577], -0.2674996,
speedDebug.cons_v[578], -0.2699996,
speedDebug.cons_v[579], -0.2724996,
speedDebug.cons_v[580], -0.2749996,
speedDebug.cons_v[581], -0.2774996,
speedDebug.cons_v[582], -0.27999958,
speedDebug.cons_v[583], -0.28249958,
speedDebug.cons_v[584], -0.28499958,
speedDebug.cons_v[585], -0.28749958,
speedDebug.cons_v[586], -0.28999957,
speedDebug.cons_v[587], -0.29249957,
speedDebug.cons_v[588], -0.29499957,
speedDebug.cons_v[589], -0.29749957,
speedDebug.cons_v[590], -0.29999956,
speedDebug.cons_v[591], -0.3,
speedDebug.cons_v[592], -0.3,
speedDebug.cons_v[593], -0.3,
speedDebug.cons_v[594], -0.3,
speedDebug.cons_v[595], -0.3,
speedDebug.cons_v[596], -0.3,
speedDebug.cons_v[597], -0.3,
speedDebug.cons_v[598], -0.3,
speedDebug.cons_v[599], -0.3,
speedDebug.cons_v[600], -0.3,
speedDebug.cons_v[601], -0.3,
speedDebug.cons_v[602], -0.3,
speedDebug.cons_v[603], -0.3,
speedDebug.cons_v[604], -0.3,
speedDebug.cons_v[605], -0.3,
speedDebug.cons_v[606], -0.3,
speedDebug.cons_v[607], -0.3,
speedDebug.cons_v[608], -0.3,
speedDebug.cons_v[609], -0.3,
speedDebug.cons_v[610], -0.3,
speedDebug.cons_v[611], -0.3,
speedDebug.cons_v[612], -0.3,
speedDebug.cons_v[613], -0.3,
speedDebug.cons_v[614], -0.3,
speedDebug.cons_v[615], -0.3,
speedDebug.cons_v[616], -0.3,
speedDebug.cons_v[617], -0.3,
speedDebug.cons_v[618], -0.3,
speedDebug.cons_v[619], -0.3,
speedDebug.cons_v[620], -0.3,
speedDebug.cons_v[621], -0.3,
speedDebug.cons_v[622], -0.3,
speedDebug.cons_v[623], -0.3,
speedDebug.cons_v[624], -0.3,
speedDebug.cons_v[625], -0.3,
speedDebug.cons_v[626], -0.3,
speedDebug.cons_v[627], -0.3,
speedDebug.cons_v[628], -0.3,
speedDebug.cons_v[629], -0.3,
speedDebug.cons_v[630], -0.3,
speedDebug.cons_v[631], -0.3,
speedDebug.cons_v[632], -0.3,
speedDebug.cons_v[633], -0.3,
speedDebug.cons_v[634], -0.3,
speedDebug.cons_v[635], -0.3,
speedDebug.cons_v[636], -0.3,
speedDebug.cons_v[637], -0.3,
speedDebug.cons_v[638], -0.3,
speedDebug.cons_v[639], -0.3,
speedDebug.cons_v[640], -0.3,
speedDebug.cons_v[641], -0.3,
speedDebug.cons_v[642], -0.3,
speedDebug.cons_v[643], -0.3,
speedDebug.cons_v[644], -0.3,
speedDebug.cons_v[645], -0.3,
speedDebug.cons_v[646], -0.3,
speedDebug.cons_v[647], -0.3,
speedDebug.cons_v[648], -0.3,
speedDebug.cons_v[649], -0.3,
speedDebug.cons_v[650], -0.3,
speedDebug.cons_v[651], -0.3,
speedDebug.cons_v[652], -0.3,
speedDebug.cons_v[653], -0.3,
speedDebug.cons_v[654], -0.3,
speedDebug.cons_v[655], -0.3,
speedDebug.cons_v[656], -0.3,
speedDebug.cons_v[657], -0.3,
speedDebug.cons_v[658], -0.3,
speedDebug.cons_v[659], -0.3,
speedDebug.cons_v[660], -0.3,
speedDebug.cons_v[661], -0.3,
speedDebug.cons_v[662], -0.3,
speedDebug.cons_v[663], -0.3,
speedDebug.cons_v[664], -0.3,
speedDebug.cons_v[665], -0.3,
speedDebug.cons_v[666], -0.3,
speedDebug.cons_v[667], -0.3,
speedDebug.cons_v[668], -0.3,
speedDebug.cons_v[669], -0.3,
speedDebug.cons_v[670], -0.3,
speedDebug.cons_v[671], -0.3,
speedDebug.cons_v[672], -0.3,
speedDebug.cons_v[673], -0.3,
speedDebug.cons_v[674], -0.3,
speedDebug.cons_v[675], -0.3,
speedDebug.cons_v[676], -0.3,
speedDebug.cons_v[677], -0.3,
speedDebug.cons_v[678], -0.3,
speedDebug.cons_v[679], -0.3,
speedDebug.cons_v[680], -0.3,
speedDebug.cons_v[681], -0.3,
speedDebug.cons_v[682], -0.3,
speedDebug.cons_v[683], -0.3,
speedDebug.cons_v[684], -0.3,
speedDebug.cons_v[685], -0.3,
speedDebug.cons_v[686], -0.3,
speedDebug.cons_v[687], -0.3,
speedDebug.cons_v[688], -0.3,
speedDebug.cons_v[689], -0.3,
speedDebug.cons_v[690], -0.3,
speedDebug.cons_v[691], -0.3,
speedDebug.cons_v[692], -0.3,
speedDebug.cons_v[693], -0.3,
speedDebug.cons_v[694], -0.3,
speedDebug.cons_v[695], -0.3,
speedDebug.cons_v[696], -0.3,
speedDebug.cons_v[697], -0.3,
speedDebug.cons_v[698], -0.3,
speedDebug.cons_v[699], -0.3,
speedDebug.cons_v[700], -0.3,
speedDebug.cons_v[701], -0.3,
speedDebug.cons_v[702], -0.3,
speedDebug.cons_v[703], -0.3,
speedDebug.cons_v[704], -0.3,
speedDebug.cons_v[705], -0.3,
speedDebug.cons_v[706], -0.3,
speedDebug.cons_v[707], -0.3,
speedDebug.cons_v[708], -0.3,
speedDebug.cons_v[709], -0.3,
speedDebug.cons_v[710], -0.3,
speedDebug.cons_v[711], -0.3,
speedDebug.cons_v[712], -0.3,
speedDebug.cons_v[713], -0.3,
speedDebug.cons_v[714], -0.3,
speedDebug.cons_v[715], -0.3,
speedDebug.cons_v[716], -0.3,
speedDebug.cons_v[717], -0.3,
speedDebug.cons_v[718], -0.3,
speedDebug.cons_v[719], -0.3,
speedDebug.cons_v[720], -0.3,
speedDebug.cons_v[721], -0.3,
speedDebug.cons_v[722], -0.3,
speedDebug.cons_v[723], -0.3,
speedDebug.cons_v[724], -0.3,
speedDebug.cons_v[725], -0.3,
speedDebug.cons_v[726], -0.3,
speedDebug.cons_v[727], -0.3,
speedDebug.cons_v[728], -0.3,
speedDebug.cons_v[729], -0.3,
speedDebug.cons_v[730], -0.3,
speedDebug.cons_v[731], -0.3,
speedDebug.cons_v[732], -0.3,
speedDebug.cons_v[733], -0.3,
speedDebug.cons_v[734], -0.3,
speedDebug.cons_v[735], -0.3,
speedDebug.cons_v[736], -0.3,
speedDebug.cons_v[737], -0.3,
speedDebug.cons_v[738], -0.3,
speedDebug.cons_v[739], -0.3,
speedDebug.cons_v[740], -0.3,
speedDebug.cons_v[741], -0.3,
speedDebug.cons_v[742], -0.3,
speedDebug.cons_v[743], -0.3,
speedDebug.cons_v[744], -0.3,
speedDebug.cons_v[745], -0.3,
speedDebug.cons_v[746], -0.3,
speedDebug.cons_v[747], -0.3,
speedDebug.cons_v[748], -0.3,
speedDebug.cons_v[749], -0.3,
speedDebug.cons_v[750], -0.3,
speedDebug.cons_v[751], -0.3,
speedDebug.cons_v[752], -0.3,
speedDebug.cons_v[753], -0.3,
speedDebug.cons_v[754], -0.3,
speedDebug.cons_v[755], -0.3,
speedDebug.cons_v[756], -0.3,
speedDebug.cons_v[757], -0.3,
speedDebug.cons_v[758], -0.3,
speedDebug.cons_v[759], -0.3,
speedDebug.cons_v[760], -0.3,
speedDebug.cons_v[761], -0.3,
speedDebug.cons_v[762], -0.3,
speedDebug.cons_v[763], -0.3,
speedDebug.cons_v[764], -0.3,
speedDebug.cons_v[765], -0.3,
speedDebug.cons_v[766], -0.3,
speedDebug.cons_v[767], -0.3,
speedDebug.cons_v[768], -0.3,
speedDebug.cons_v[769], -0.3,
speedDebug.cons_v[770], -0.3,
speedDebug.cons_v[771], -0.3,
speedDebug.cons_v[772], -0.3,
speedDebug.cons_v[773], -0.3,
speedDebug.cons_v[774], -0.3,
speedDebug.cons_v[775], -0.3,
speedDebug.cons_v[776], -0.3,
speedDebug.cons_v[777], -0.3,
speedDebug.cons_v[778], -0.3,
speedDebug.cons_v[779], -0.3,
speedDebug.cons_v[780], -0.3,
speedDebug.cons_v[781], -0.3,
speedDebug.cons_v[782], -0.3,
speedDebug.cons_v[783], -0.3,
speedDebug.cons_v[784], -0.3,
speedDebug.cons_v[785], -0.3,
speedDebug.cons_v[786], -0.3,
speedDebug.cons_v[787], -0.3,
speedDebug.cons_v[788], -0.3,
speedDebug.cons_v[789], -0.3,
speedDebug.cons_v[790], -0.3,
speedDebug.cons_v[791], -0.3,
speedDebug.cons_v[792], -0.3,
speedDebug.cons_v[793], -0.3,
speedDebug.cons_v[794], -0.3,
speedDebug.cons_v[795], -0.3,
speedDebug.cons_v[796], -0.3,
speedDebug.cons_v[797], -0.3,
speedDebug.cons_v[798], -0.3,
speedDebug.cons_v[799], -0.3,
