speedDebug.cons_vg[0], 0.3,
speedDebug.cons_vg[1], 0.3,
speedDebug.cons_vg[2], 0.3,
speedDebug.cons_vg[3], 0.3,
speedDebug.cons_vg[4], 0.3,
speedDebug.cons_vg[5], 0.3,
speedDebug.cons_vg[6], 0.3,
speedDebug.cons_vg[7], 0.3,
speedDebug.cons_vg[8], 0.3,
speedDebug.cons_vg[9], 0.3,
speedDebug.cons_vg[10], 0.3,
speedDebug.cons_vg[11], 0.3,
speedDebug.cons_vg[12], 0.3,
speedDebug.cons_vg[13], 0.3,
speedDebug.cons_vg[14], 0.3,
speedDebug.cons_vg[15], 0.3,
speedDebug.cons_vg[16], 0.3,
speedDebug.cons_vg[17], 0.3,
speedDebug.cons_vg[18], 0.3,
speedDebug.cons_vg[19], 0.3,
speedDebug.cons_vg[20], 0.3,
speedDebug.cons_vg[21], 0.3,
speedDebug.cons_vg[22], 0.3,
speedDebug.cons_vg[23], 0.3,
speedDebug.cons_vg[24], 0.3,
speedDebug.cons_vg[25], 0.3,
speedDebug.cons_vg[26], 0.3,
speedDebug.cons_vg[27], 0.3,
speedDebug.cons_vg[28], 0.3,
speedDebug.cons_vg[29], 0.3,
speedDebug.cons_vg[30], 0.3,
speedDebug.cons_vg[31], 0.3,
speedDebug.cons_vg[32], 0.3,
speedDebug.cons_vg[33], 0.3,
speedDebug.cons_vg[34], 0.3,
speedDebug.cons_vg[35], 0.3,
speedDebug.cons_vg[36], 0.3,
speedDebug.cons_vg[37], 0.3,
speedDebug.cons_vg[38], 0.3,
speedDebug.cons_vg[39], 0.3,
speedDebug.cons_vg[40], 0.3,
speedDebug.cons_vg[41], 0.3,
speedDebug.cons_vg[42], 0.3,
speedDebug.cons_vg[43], 0.3,
speedDebug.cons_vg[44], 0.3,
speedDebug.cons_vg[45], 0.3,
speedDebug.cons_vg[46], 0.3,
speedDebug.cons_vg[47], 0.3,
speedDebug.cons_vg[48], 0.3,
speedDebug.cons_vg[49], 0.3,
speedDebug.cons_vg[50], 0.3,
speedDebug.cons_vg[51], 0.3,
speedDebug.cons_vg[52], 0.3,
speedDebug.cons_vg[53], 0.4,
speedDebug.cons_vg[54], 0.4,
speedDebug.cons_vg[55], 0.4,
speedDebug.cons_vg[56], 0.4,
speedDebug.cons_vg[57], 0.4,
speedDebug.cons_vg[58], 0.4,
speedDebug.cons_vg[59], 0.4,
speedDebug.cons_vg[60], 0.4,
speedDebug.cons_vg[61], 0.4,
speedDebug.cons_vg[62], 0.4,
speedDebug.cons_vg[63], 0.4,
speedDebug.cons_vg[64], 0.4,
speedDebug.cons_vg[65], 0.4,
speedDebug.cons_vg[66], 0.4,
speedDebug.cons_vg[67], 0.4,
speedDebug.cons_vg[68], 0.4,
speedDebug.cons_vg[69], 0.4,
speedDebug.cons_vg[70], 0.4,
speedDebug.cons_vg[71], 0.4,
speedDebug.cons_vg[72], 0.4,
speedDebug.cons_vg[73], 0.4,
speedDebug.cons_vg[74], 0.4,
speedDebug.cons_vg[75], 0.4,
speedDebug.cons_vg[76], 0.4,
speedDebug.cons_vg[77], 0.4,
speedDebug.cons_vg[78], 0.4,
speedDebug.cons_vg[79], 0.4,
speedDebug.cons_vg[80], 0.4,
speedDebug.cons_vg[81], 0.4,
speedDebug.cons_vg[82], 0.4,
speedDebug.cons_vg[83], 0.4,
speedDebug.cons_vg[84], 0.4,
speedDebug.cons_vg[85], 0.4,
speedDebug.cons_vg[86], 0.4,
speedDebug.cons_vg[87], 0.4,
speedDebug.cons_vg[88], 0.4,
speedDebug.cons_vg[89], 0.4,
speedDebug.cons_vg[90], 0.4,
speedDebug.cons_vg[91], 0.4,
speedDebug.cons_vg[92], 0.4,
speedDebug.cons_vg[93], 0.4,
speedDebug.cons_vg[94], 0.4,
speedDebug.cons_vg[95], 0.4,
speedDebug.cons_vg[96], 0.4,
speedDebug.cons_vg[97], 0.4,
speedDebug.cons_vg[98], 0.4,
speedDebug.cons_vg[99], 0.4,
speedDebug.cons_vg[100], 0.4,
speedDebug.cons_vg[101], 0.4,
speedDebug.cons_vg[102], 0.4,
speedDebug.cons_vg[103], 0.4,
speedDebug.cons_vg[104], 0.4,
speedDebug.cons_vg[105], 0.4,
speedDebug.cons_vg[106], 0.4,
speedDebug.cons_vg[107], 0.4,
speedDebug.cons_vg[108], 0.4,
speedDebug.cons_vg[109], 0.4,
speedDebug.cons_vg[110], 0.4,
speedDebug.cons_vg[111], 0.4,
speedDebug.cons_vg[112], 0.4,
speedDebug.cons_vg[113], 0.4,
speedDebug.cons_vg[114], 0.4,
speedDebug.cons_vg[115], 0.4,
speedDebug.cons_vg[116], 0.4,
speedDebug.cons_vg[117], 0.4,
speedDebug.cons_vg[118], 0.4,
speedDebug.cons_vg[119], 0.4,
speedDebug.cons_vg[120], 0.4,
speedDebug.cons_vg[121], 0.4,
speedDebug.cons_vg[122], 0.4,
speedDebug.cons_vg[123], 0.4,
speedDebug.cons_vg[124], 0.4,
speedDebug.cons_vg[125], 0.4,
speedDebug.cons_vg[126], 0.4,
speedDebug.cons_vg[127], 0.4,
speedDebug.cons_vg[128], 0.4,
speedDebug.cons_vg[129], 0.4,
speedDebug.cons_vg[130], 0.4,
speedDebug.cons_vg[131], 0.4,
speedDebug.cons_vg[132], 0.4,
speedDebug.cons_vg[133], 0.4,
speedDebug.cons_vg[134], 0.4,
speedDebug.cons_vg[135], 0.4,
speedDebug.cons_vg[136], 0.4,
speedDebug.cons_vg[137], 0.4,
speedDebug.cons_vg[138], 0.4,
speedDebug.cons_vg[139], 0.4,
speedDebug.cons_vg[140], 0.4,
speedDebug.cons_vg[141], 0.4,
speedDebug.cons_vg[142], 0.4,
speedDebug.cons_vg[143], 0.4,
speedDebug.cons_vg[144], 0.4,
speedDebug.cons_vg[145], 0.4,
speedDebug.cons_vg[146], 0.4,
speedDebug.cons_vg[147], 0.4,
speedDebug.cons_vg[148], 0.4,
speedDebug.cons_vg[149], 0.4,
speedDebug.cons_vg[150], 0.4,
speedDebug.cons_vg[151], 0.4,
speedDebug.cons_vg[152], 0.4,
speedDebug.cons_vg[153], 0.4,
speedDebug.cons_vg[154], 0.4,
speedDebug.cons_vg[155], 0.4,
speedDebug.cons_vg[156], 0.4,
speedDebug.cons_vg[157], 0.4,
speedDebug.cons_vg[158], 0.4,
speedDebug.cons_vg[159], 0.4,
speedDebug.cons_vg[160], 0.4,
speedDebug.cons_vg[161], 0.4,
speedDebug.cons_vg[162], 0.4,
speedDebug.cons_vg[163], 0.4,
speedDebug.cons_vg[164], 0.4,
speedDebug.cons_vg[165], 0.4,
speedDebug.cons_vg[166], 0.4,
speedDebug.cons_vg[167], 0.4,
speedDebug.cons_vg[168], 0.4,
speedDebug.cons_vg[169], 0.4,
speedDebug.cons_vg[170], 0.4,
speedDebug.cons_vg[171], 0.4,
speedDebug.cons_vg[172], 0.4,
speedDebug.cons_vg[173], 0.4,
speedDebug.cons_vg[174], 0.4,
speedDebug.cons_vg[175], 0.4,
speedDebug.cons_vg[176], 0.4,
speedDebug.cons_vg[177], 0.4,
speedDebug.cons_vg[178], 0.4,
speedDebug.cons_vg[179], 0.4,
speedDebug.cons_vg[180], 0.4,
speedDebug.cons_vg[181], 0.4,
speedDebug.cons_vg[182], 0.4,
speedDebug.cons_vg[183], 0.4,
speedDebug.cons_vg[184], 0.4,
speedDebug.cons_vg[185], 0.4,
speedDebug.cons_vg[186], 0.4,
speedDebug.cons_vg[187], 0.4,
speedDebug.cons_vg[188], 0.4,
speedDebug.cons_vg[189], 0.4,
speedDebug.cons_vg[190], 0.4,
speedDebug.cons_vg[191], 0.4,
speedDebug.cons_vg[192], 0.4,
speedDebug.cons_vg[193], 0.4,
speedDebug.cons_vg[194], 0.4,
speedDebug.cons_vg[195], 0.4,
speedDebug.cons_vg[196], 0.4,
speedDebug.cons_vg[197], 0.4,
speedDebug.cons_vg[198], 0.4,
speedDebug.cons_vg[199], 0.4,
speedDebug.cons_vg[200], 0.4,
speedDebug.cons_vg[201], 0.4,
speedDebug.cons_vg[202], 0.4,
speedDebug.cons_vg[203], 0.4,
speedDebug.cons_vg[204], 0.4,
speedDebug.cons_vg[205], 0.4,
speedDebug.cons_vg[206], 0.4,
speedDebug.cons_vg[207], 0.4,
speedDebug.cons_vg[208], 0.4,
speedDebug.cons_vg[209], 0.4,
speedDebug.cons_vg[210], 0.4,
speedDebug.cons_vg[211], 0.4,
speedDebug.cons_vg[212], 0.4,
speedDebug.cons_vg[213], 0.4,
speedDebug.cons_vg[214], 0.4,
speedDebug.cons_vg[215], 0.4,
speedDebug.cons_vg[216], 0.4,
speedDebug.cons_vg[217], 0.4,
speedDebug.cons_vg[218], 0.4,
speedDebug.cons_vg[219], 0.4,
speedDebug.cons_vg[220], 0.4,
speedDebug.cons_vg[221], 0.4,
speedDebug.cons_vg[222], 0.4,
speedDebug.cons_vg[223], 0.4,
speedDebug.cons_vg[224], 0.4,
speedDebug.cons_vg[225], 0.4,
speedDebug.cons_vg[226], 0.4,
speedDebug.cons_vg[227], 0.4,
speedDebug.cons_vg[228], 0.4,
speedDebug.cons_vg[229], 0.4,
speedDebug.cons_vg[230], 0.4,
speedDebug.cons_vg[231], 0.4,
speedDebug.cons_vg[232], 0.4,
speedDebug.cons_vg[233], 0.4,
speedDebug.cons_vg[234], 0.4,
speedDebug.cons_vg[235], 0.4,
speedDebug.cons_vg[236], 0.4,
speedDebug.cons_vg[237], 0.4,
speedDebug.cons_vg[238], 0.4,
speedDebug.cons_vg[239], 0.4,
speedDebug.cons_vg[240], 0.4,
speedDebug.cons_vg[241], 0.4,
speedDebug.cons_vg[242], 0.4,
speedDebug.cons_vg[243], 0.4,
speedDebug.cons_vg[244], 0.4,
speedDebug.cons_vg[245], 0.4,
speedDebug.cons_vg[246], 0.4,
speedDebug.cons_vg[247], 0.4,
speedDebug.cons_vg[248], 0.4,
speedDebug.cons_vg[249], 0.4,
speedDebug.cons_vg[250], 0.4,
speedDebug.cons_vg[251], 0.4,
speedDebug.cons_vg[252], 0.4,
speedDebug.cons_vg[253], 0.4,
speedDebug.cons_vg[254], 0.4,
speedDebug.cons_vg[255], 0.4,
speedDebug.cons_vg[256], 0.4,
speedDebug.cons_vg[257], 0.4,
speedDebug.cons_vg[258], 0.4,
speedDebug.cons_vg[259], 0.4,
speedDebug.cons_vg[260], 0.4,
speedDebug.cons_vg[261], 0.4,
speedDebug.cons_vg[262], 0.4,
speedDebug.cons_vg[263], 0.4,
speedDebug.cons_vg[264], 0.4,
speedDebug.cons_vg[265], 0.4,
speedDebug.cons_vg[266], 0.4,
speedDebug.cons_vg[267], 0.4,
speedDebug.cons_vg[268], 0.4,
speedDebug.cons_vg[269], 0.4,
speedDebug.cons_vg[270], 0.4,
speedDebug.cons_vg[271], 0.4,
speedDebug.cons_vg[272], 0.4,
speedDebug.cons_vg[273], 0.4,
speedDebug.cons_vg[274], 0.4,
speedDebug.cons_vg[275], 0.4,
speedDebug.cons_vg[276], 0.4,
speedDebug.cons_vg[277], 0.4,
speedDebug.cons_vg[278], 0.4,
speedDebug.cons_vg[279], 0.4,
speedDebug.cons_vg[280], 0.4,
speedDebug.cons_vg[281], 0.4,
speedDebug.cons_vg[282], 0.4,
speedDebug.cons_vg[283], 0.4,
speedDebug.cons_vg[284], 0.4,
speedDebug.cons_vg[285], 0.4,
speedDebug.cons_vg[286], 0.4,
speedDebug.cons_vg[287], 0.4,
speedDebug.cons_vg[288], 0.4,
speedDebug.cons_vg[289], 0.4,
speedDebug.cons_vg[290], 0.4,
speedDebug.cons_vg[291], 0.4,
speedDebug.cons_vg[292], 0.4,
speedDebug.cons_vg[293], 0.4,
speedDebug.cons_vg[294], 0.4,
speedDebug.cons_vg[295], 0.4,
speedDebug.cons_vg[296], 0.4,
speedDebug.cons_vg[297], 0.4,
speedDebug.cons_vg[298], 0.4,
speedDebug.cons_vg[299], 0.4,
speedDebug.cons_vg[300], 0.4,
speedDebug.cons_vg[301], 0.4,
speedDebug.cons_vg[302], 0.4,
speedDebug.cons_vg[303], 0.4,
speedDebug.cons_vg[304], 0.4,
speedDebug.cons_vg[305], 0.4,
speedDebug.cons_vg[306], 0.4,
speedDebug.cons_vg[307], 0.4,
speedDebug.cons_vg[308], 0.4,
speedDebug.cons_vg[309], 0.4,
speedDebug.cons_vg[310], 0.4,
speedDebug.cons_vg[311], 0.4,
speedDebug.cons_vg[312], 0.4,
speedDebug.cons_vg[313], 0.4,
speedDebug.cons_vg[314], 0.4,
speedDebug.cons_vg[315], 0.4,
speedDebug.cons_vg[316], 0.4,
speedDebug.cons_vg[317], 0.4,
speedDebug.cons_vg[318], 0.4,
speedDebug.cons_vg[319], 0.4,
speedDebug.cons_vg[320], 0.4,
speedDebug.cons_vg[321], 0.4,
speedDebug.cons_vg[322], 0.4,
speedDebug.cons_vg[323], 0.4,
speedDebug.cons_vg[324], 0.4,
speedDebug.cons_vg[325], 0.4,
speedDebug.cons_vg[326], 0.4,
speedDebug.cons_vg[327], 0.4,
speedDebug.cons_vg[328], 0.4,
speedDebug.cons_vg[329], 0.4,
speedDebug.cons_vg[330], 0.4,
speedDebug.cons_vg[331], 0.4,
speedDebug.cons_vg[332], 0.4,
speedDebug.cons_vg[333], 0.4,
speedDebug.cons_vg[334], 0.4,
speedDebug.cons_vg[335], 0.4,
speedDebug.cons_vg[336], 0.4,
speedDebug.cons_vg[337], 0.4,
speedDebug.cons_vg[338], 0.4,
speedDebug.cons_vg[339], 0.4,
speedDebug.cons_vg[340], 0.4,
speedDebug.cons_vg[341], 0.4,
speedDebug.cons_vg[342], 0.4,
speedDebug.cons_vg[343], 0.4,
speedDebug.cons_vg[344], 0.4,
speedDebug.cons_vg[345], 0.4,
speedDebug.cons_vg[346], 0.4,
speedDebug.cons_vg[347], 0.4,
speedDebug.cons_vg[348], 0.4,
speedDebug.cons_vg[349], 0.4,
speedDebug.cons_vg[350], 0.4,
speedDebug.cons_vg[351], 0.4,
speedDebug.cons_vg[352], 0.4,
speedDebug.cons_vg[353], 0.4,
speedDebug.cons_vg[354], 0.4,
speedDebug.cons_vg[355], 0.4,
speedDebug.cons_vg[356], 0.4,
speedDebug.cons_vg[357], 0.4,
speedDebug.cons_vg[358], 0.4,
speedDebug.cons_vg[359], 0.4,
speedDebug.cons_vg[360], 0.4,
speedDebug.cons_vg[361], 0.4,
speedDebug.cons_vg[362], 0.4,
speedDebug.cons_vg[363], 0.4,
speedDebug.cons_vg[364], 0.4,
speedDebug.cons_vg[365], 0.4,
speedDebug.cons_vg[366], 0.4,
speedDebug.cons_vg[367], 0.4,
speedDebug.cons_vg[368], 0.4,
speedDebug.cons_vg[369], 0.4,
speedDebug.cons_vg[370], 0.4,
speedDebug.cons_vg[371], 0.4,
speedDebug.cons_vg[372], 0.4,
speedDebug.cons_vg[373], 0.4,
speedDebug.cons_vg[374], 0.4,
speedDebug.cons_vg[375], 0.4,
speedDebug.cons_vg[376], 0.4,
speedDebug.cons_vg[377], 0.4,
speedDebug.cons_vg[378], 0.4,
speedDebug.cons_vg[379], 0.4,
speedDebug.cons_vg[380], 0.4,
speedDebug.cons_vg[381], 0.4,
speedDebug.cons_vg[382], 0.4,
speedDebug.cons_vg[383], 0.4,
speedDebug.cons_vg[384], 0.4,
speedDebug.cons_vg[385], 0.4,
speedDebug.cons_vg[386], 0.4,
speedDebug.cons_vg[387], 0.4,
speedDebug.cons_vg[388], 0.4,
speedDebug.cons_vg[389], 0.4,
speedDebug.cons_vg[390], 0.4,
speedDebug.cons_vg[391], 0.4,
speedDebug.cons_vg[392], 0.4,
speedDebug.cons_vg[393], 0.4,
speedDebug.cons_vg[394], 0.4,
speedDebug.cons_vg[395], 0.4,
speedDebug.cons_vg[396], 0.4,
speedDebug.cons_vg[397], 0.4,
speedDebug.cons_vg[398], 0.4,
speedDebug.cons_vg[399], 0.4,
