posDebug.dt[0], 0.0,
posDebug.dt[1], 0.0,
posDebug.dt[2], 0.0,
posDebug.dt[3], 0.0,
posDebug.dt[4], 0.0,
posDebug.dt[5], 0.0,
posDebug.dt[6], 0.0,
posDebug.dt[7], 0.0,
posDebug.dt[8], 0.0,
posDebug.dt[9], 0.0,
posDebug.dt[10], 0.0,
posDebug.dt[11], 0.0,
posDebug.dt[12], 0.0,
posDebug.dt[13], 0.0,
posDebug.dt[14], 0.0,
posDebug.dt[15], 0.0,
posDebug.dt[16], 0.0,
posDebug.dt[17], 0.0,
posDebug.dt[18], 0.0,
posDebug.dt[19], 0.0,
posDebug.dt[20], 0.0,
posDebug.dt[21], 0.0,
posDebug.dt[22], 0.0,
posDebug.dt[23], 1.9966E-4,
posDebug.dt[24], 1.9966E-4,
posDebug.dt[25], 1.9966E-4,
posDebug.dt[26], 1.9966E-4,
posDebug.dt[27], 1.9966E-4,
posDebug.dt[28], 1.9966E-4,
posDebug.dt[29], 1.9966E-4,
posDebug.dt[30], 1.9966E-4,
posDebug.dt[31], 1.9966E-4,
posDebug.dt[32], 1.9966E-4,
posDebug.dt[33], 1.9966E-4,
posDebug.dt[34], 1.3311031E-4,
posDebug.dt[35], 1.3312492E-4,
posDebug.dt[36], 2.6626693E-4,
posDebug.dt[37], 3.994455E-4,
posDebug.dt[38], 6.6579296E-4,
posDebug.dt[39], 7.9908624E-4,
posDebug.dt[40], 9.3241374E-4,
posDebug.dt[41], 9.3268725E-4,
posDebug.dt[42], 7.998041E-4,
posDebug.dt[43], 7.334623E-4,
posDebug.dt[44], 4.674276E-4,
posDebug.dt[45], 4.6756485E-4,
posDebug.dt[46], 4.6771936E-4,
posDebug.dt[47], 6.675964E-4,
posDebug.dt[48], 8.0099853E-4,
posDebug.dt[49], 0.0010676215,
posDebug.dt[50], 0.0012678163,
posDebug.dt[51], 0.0013350154,
posDebug.dt[52], 0.0013357034,
posDebug.dt[53], 0.0011367054,
posDebug.dt[54], 8.7104924E-4,
posDebug.dt[55], 6.718603E-4,
posDebug.dt[56], 4.0598735E-4,
posDebug.dt[57], 4.0624218E-4,
posDebug.dt[58], 5.3967955E-4,
posDebug.dt[59], 8.729523E-4,
posDebug.dt[60], 0.0011399079,
posDebug.dt[61], 0.001540266,
posDebug.dt[62], 0.0017412311,
posDebug.dt[63], 0.0016760404,
posDebug.dt[64], 0.0014110896,
posDebug.dt[65], 0.0010128085,
posDebug.dt[66], 4.8105308E-4,
posDebug.dt[67], 8.198815E-5,
posDebug.dt[68], -1.842723E-4,
posDebug.dt[69], -1.8445785E-4,
posDebug.dt[70], 8.16994E-5,
posDebug.dt[71], 6.1449833E-4,
posDebug.dt[72], 0.001214516,
posDebug.dt[73], 0.0015488573,
posDebug.dt[74], 0.0019502065,
posDebug.dt[75], 0.0020191052,
posDebug.dt[76], 0.0018217919,
posDebug.dt[77], 0.0014244904,
posDebug.dt[78], 9.601256E-4,
posDebug.dt[79], 5.618136E-4,
posDebug.dt[80], 2.9782645E-5,
posDebug.dt[81], -2.3656512E-4,
posDebug.dt[82], -3.7008402E-4,
posDebug.dt[83], -2.3740467E-4,
posDebug.dt[84], 1.6185723E-4,
posDebug.dt[85], 7.615077E-4,
posDebug.dt[86], 0.0012954962,
posDebug.dt[87], 0.0016304639,
posDebug.dt[88], 0.0016329568,
posDebug.dt[89], 0.0014356758,
posDebug.dt[90], 0.0013713009,
posDebug.dt[91], 0.0011070871,
posDebug.dt[92], 7.093068E-4,
posDebug.dt[93], 1.1103518E-4,
posDebug.dt[94], -4.8826297E-4,
posDebug.dt[95], -0.0010219683,
posDebug.dt[96], -0.0012901927,
posDebug.dt[97], -0.0013591337,
posDebug.dt[98], -8.954323E-4,
posDebug.dt[99], -5.6407467E-4,
posDebug.dt[100], -2.3209494E-4,
posDebug.dt[101], 3.0039632E-4,
posDebug.dt[102], 0.0010338475,
posDebug.dt[103], 0.0017022731,
posDebug.dt[104], 0.002105557,
posDebug.dt[105], 0.0022432886,
posDebug.dt[106], 0.0022479878,
posDebug.dt[107], 0.0019863006,
posDebug.dt[108], 0.0013243832,
posDebug.dt[109], 1.2799256E-4,
posDebug.dt[110], -8.711196E-4,
posDebug.dt[111], -0.001472737,
posDebug.dt[112], -0.0020091287,
posDebug.dt[113], -0.0024801728,
posDebug.dt[114], -0.0025525405,
posDebug.dt[115], -0.0023587684,
posDebug.dt[116], -0.0016317241,
posDebug.dt[117], -7.030106E-4,
posDebug.dt[118], 3.6139638E-4,
posDebug.dt[119], 0.0016284288,
posDebug.dt[120], 0.0030320731,
posDebug.dt[121], 0.0039726933,
posDebug.dt[122], 0.0043829745,
posDebug.dt[123], 0.0043952474,
posDebug.dt[124], 0.0038749326,
posDebug.dt[125], 0.0027534743,
posDebug.dt[126], 0.0010953639,
posDebug.dt[127], -4.3439335E-4,
posDebug.dt[128], -0.00196849,
posDebug.dt[129], -0.003706459,
posDebug.dt[130], -0.0053156465,
posDebug.dt[131], -0.006795854,
posDebug.dt[132], -0.00794855,
posDebug.dt[133], -0.008306931,
posDebug.dt[134], -0.007601691,
posDebug.dt[135], -0.0056296256,
posDebug.dt[136], -0.0029835347,
posDebug.dt[137], 2.728091E-4,
posDebug.dt[138], 0.003740116,
posDebug.dt[139], 0.00701781,
posDebug.dt[140], 0.010304219,
posDebug.dt[141], 0.013199428,
posDebug.dt[142], 0.014235668,
posDebug.dt[143], 0.013875651,
posDebug.dt[144], 0.012050797,
posDebug.dt[145], 0.008687822,
posDebug.dt[146], 0.0044492967,
posDebug.dt[147], 6.4302905E-5,
posDebug.dt[148], -0.0044023823,
posDebug.dt[149], -0.009289247,
posDebug.dt[150], -0.014071727,
posDebug.dt[151], -0.019485753,
posDebug.dt[152], -0.023525652,
posDebug.dt[153], -0.027378688,
posDebug.dt[154], -0.031232754,
posDebug.dt[155], -0.03516096,
posDebug.dt[156], -0.038359422,
posDebug.dt[157], -0.0399665,
posDebug.dt[158], -0.04011315,
posDebug.dt[159], -0.038395807,
posDebug.dt[160], -0.034349963,
posDebug.dt[161], -0.028495844,
posDebug.dt[162], -0.021421062,
posDebug.dt[163], -0.014110658,
posDebug.dt[164], -0.006700285,
posDebug.dt[165], 0.0011412599,
posDebug.dt[166], 0.008480508,
posDebug.dt[167], 0.015849307,
posDebug.dt[168], 0.022310253,
posDebug.dt[169], 0.02859777,
posDebug.dt[170], 0.033965796,
posDebug.dt[171], 0.038414534,
posDebug.dt[172], 0.041543566,
posDebug.dt[173], 0.042812824,
posDebug.dt[174], 0.042292092,
posDebug.dt[175], 0.04030751,
posDebug.dt[176], 0.03651347,
posDebug.dt[177], 0.030840022,
posDebug.dt[178], 0.024215257,
posDebug.dt[179], 0.01717672,
posDebug.dt[180], 0.010579515,
posDebug.dt[181], 0.004155419,
posDebug.dt[182], -0.0016961583,
posDebug.dt[183], -0.0077709407,
posDebug.dt[184], -0.013866873,
posDebug.dt[185], -0.019652463,
posDebug.dt[186], -0.025063235,
posDebug.dt[187], -0.029500142,
posDebug.dt[188], -0.0329692,
posDebug.dt[189], -0.034864493,
posDebug.dt[190], -0.03569497,
posDebug.dt[191], -0.0354609,
posDebug.dt[192], -0.03396182,
posDebug.dt[193], -0.032120157,
posDebug.dt[194], -0.029147176,
posDebug.dt[195], -0.025563028,
posDebug.dt[196], -0.021231225,
posDebug.dt[197], -0.016618753,
posDebug.dt[198], -0.011256852,
posDebug.dt[199], -0.0061275847,
posDebug.dt[200], -0.0017631575,
posDebug.dt[201], 0.0024986025,
posDebug.dt[202], 0.0059832074,
posDebug.dt[203], 0.0090834135,
posDebug.dt[204], 0.012060414,
posDebug.dt[205], 0.013581682,
posDebug.dt[206], 0.012654533,
posDebug.dt[207], 0.008859044,
posDebug.dt[208], 0.0039055739,
posDebug.dt[209], -6.773734E-4,
posDebug.dt[210], -0.0055524604,
posDebug.dt[211], -0.011185378,
posDebug.dt[212], -0.017113376,
posDebug.dt[213], -0.022669144,
posDebug.dt[214], -0.028314443,
posDebug.dt[215], -0.03397798,
posDebug.dt[216], -0.03899182,
posDebug.dt[217], -0.042892747,
posDebug.dt[218], -0.045411848,
posDebug.dt[219], -0.04693795,
posDebug.dt[220], -0.04674021,
posDebug.dt[221], -0.04527097,
posDebug.dt[222], -0.042780817,
posDebug.dt[223], -0.038953003,
posDebug.dt[224], -0.03364315,
posDebug.dt[225], -0.026984153,
posDebug.dt[226], -0.019704986,
posDebug.dt[227], -0.01266434,
posDebug.dt[228], -0.0051925033,
posDebug.dt[229], 0.0015862919,
posDebug.dt[230], 0.0073987893,
posDebug.dt[231], 0.013106504,
posDebug.dt[232], 0.018036202,
posDebug.dt[233], 0.021187259,
posDebug.dt[234], 0.02282987,
posDebug.dt[235], 0.023217544,
posDebug.dt[236], 0.022937553,
posDebug.dt[237], 0.021586126,
posDebug.dt[238], 0.01922548,
posDebug.dt[239], 0.015184901,
posDebug.dt[240], 0.009789235,
posDebug.dt[241], 0.0031643359,
posDebug.dt[242], -0.004492243,
posDebug.dt[243], -0.012319566,
posDebug.dt[244], -0.019590864,
posDebug.dt[245], -0.025965216,
posDebug.dt[246], -0.031503104,
posDebug.dt[247], -0.035798997,
posDebug.dt[248], -0.03925416,
posDebug.dt[249], -0.041660715,
posDebug.dt[250], -0.04255378,
posDebug.dt[251], -0.042388253,
posDebug.dt[252], -0.04154663,
posDebug.dt[253], -0.03962221,
posDebug.dt[254], -0.03595977,
posDebug.dt[255], -0.03174028,
posDebug.dt[256], -0.02617189,
posDebug.dt[257], -0.01957243,
posDebug.dt[258], -0.012332095,
posDebug.dt[259], -0.0048548845,
posDebug.dt[260], 0.0023932299,
posDebug.dt[261], 0.00827679,
posDebug.dt[262], 0.012718525,
posDebug.dt[263], 0.016181381,
posDebug.dt[264], 0.018457662,
posDebug.dt[265], 0.019006182,
posDebug.dt[266], 0.018622238,
posDebug.dt[267], 0.016832856,
posDebug.dt[268], 0.013766114,
posDebug.dt[269], 0.0091512315,
posDebug.dt[270], 0.0034513874,
posDebug.dt[271], -0.00313672,
posDebug.dt[272], -0.010420132,
posDebug.dt[273], -0.01740893,
posDebug.dt[274], -0.024377942,
posDebug.dt[275], -0.030992221,
posDebug.dt[276], -0.036771085,
posDebug.dt[277], -0.04189678,
posDebug.dt[278], -0.04570462,
posDebug.dt[279], -0.04766803,
posDebug.dt[280], -0.04766452,
posDebug.dt[281], -0.04614504,
posDebug.dt[282], -0.043027326,
posDebug.dt[283], -0.037707448,
posDebug.dt[284], -0.03186381,
posDebug.dt[285], -0.024388043,
posDebug.dt[286], -0.016785681,
posDebug.dt[287], -0.008007085,
posDebug.dt[288], -3.986247E-5,
posDebug.dt[289], 0.008165328,
posDebug.dt[290], 0.015136553,
posDebug.dt[291], 0.0219403,
posDebug.dt[292], 0.027904265,
posDebug.dt[293], 0.032688625,
posDebug.dt[294], 0.03589287,
posDebug.dt[295], 0.037507243,
posDebug.dt[296], 0.03704646,
posDebug.dt[297], 0.03503307,
posDebug.dt[298], 0.03186673,
posDebug.dt[299], 0.027557304,
posDebug.dt[300], 0.021900851,
posDebug.dt[301], 0.01570287,
posDebug.dt[302], 0.0090243565,
posDebug.dt[303], 0.0019269749,
posDebug.dt[304], -0.004868421,
posDebug.dt[305], -0.011030858,
posDebug.dt[306], -0.017020985,
posDebug.dt[307], -0.022968834,
posDebug.dt[308], -0.028333224,
posDebug.dt[309], -0.03225329,
posDebug.dt[310], -0.034615073,
posDebug.dt[311], -0.036137283,
posDebug.dt[312], -0.036611535,
posDebug.dt[313], -0.03568286,
posDebug.dt[314], -0.03373719,
posDebug.dt[315], -0.031046495,
posDebug.dt[316], -0.026749369,
posDebug.dt[317], -0.021353923,
posDebug.dt[318], -0.014597271,
posDebug.dt[319], -0.0068728183,
posDebug.dt[320], 0.0013635242,
posDebug.dt[321], 0.009983808,
posDebug.dt[322], 0.017248396,
posDebug.dt[323], 0.023823775,
posDebug.dt[324], 0.028689606,
posDebug.dt[325], 0.03225095,
posDebug.dt[326], 0.035042528,
posDebug.dt[327], 0.03663524,
posDebug.dt[328], 0.03716613,
posDebug.dt[329], 0.036492012,
posDebug.dt[330], 0.034675363,
posDebug.dt[331], 0.03151241,
posDebug.dt[332], 0.02692551,
posDebug.dt[333], 0.020920318,
posDebug.dt[334], 0.013748953,
posDebug.dt[335], 0.0054781297,
posDebug.dt[336], -0.0028337147,
posDebug.dt[337], -0.010524823,
posDebug.dt[338], -0.017659847,
posDebug.dt[339], -0.023490101,
posDebug.dt[340], -0.028013984,
posDebug.dt[341], -0.031172205,
posDebug.dt[342], -0.032952834,
posDebug.dt[343], -0.033539616,
posDebug.dt[344], -0.032860808,
posDebug.dt[345], -0.030970555,
posDebug.dt[346], -0.027667815,
posDebug.dt[347], -0.023336647,
posDebug.dt[348], -0.017916715,
posDebug.dt[349], -0.011008687,
posDebug.dt[350], -0.0034580939,
posDebug.dt[351], 0.0041974047,
posDebug.dt[352], 0.01162265,
posDebug.dt[353], 0.017943598,
posDebug.dt[354], 0.023094662,
posDebug.dt[355], 0.026808176,
posDebug.dt[356], 0.028935708,
posDebug.dt[357], 0.029732587,
posDebug.dt[358], 0.0290626,
posDebug.dt[359], 0.026854433,
posDebug.dt[360], 0.023566892,
posDebug.dt[361], 0.018934552,
posDebug.dt[362], 0.012882543,
posDebug.dt[363], 0.00600212,
posDebug.dt[364], -0.0013057794,
posDebug.dt[365], -0.008725579,
posDebug.dt[366], -0.015997678,
posDebug.dt[367], -0.022516668,
posDebug.dt[368], -0.028126456,
posDebug.dt[369], -0.032748226,
posDebug.dt[370], -0.035983216,
posDebug.dt[371], -0.03732699,
posDebug.dt[372], -0.037102442,
posDebug.dt[373], -0.0362103,
posDebug.dt[374], -0.03423609,
posDebug.dt[375], -0.030906692,
posDebug.dt[376], -0.026287789,
posDebug.dt[377], -0.021029707,
posDebug.dt[378], -0.014674783,
posDebug.dt[379], -0.007612271,
posDebug.dt[380], -5.1037315E-4,
posDebug.dt[381], 0.0064923167,
posDebug.dt[382], 0.012793737,
posDebug.dt[383], 0.017589886,
posDebug.dt[384], 0.021208143,
posDebug.dt[385], 0.023776557,
posDebug.dt[386], 0.024818141,
posDebug.dt[387], 0.024660762,
posDebug.dt[388], 0.023165742,
posDebug.dt[389], 0.021127978,
posDebug.dt[390], 0.017819164,
posDebug.dt[391], 0.013693445,
posDebug.dt[392], 0.008417315,
posDebug.dt[393], 0.002520009,
posDebug.dt[394], -0.0035390118,
posDebug.dt[395], -0.009568319,
posDebug.dt[396], -0.015638348,
posDebug.dt[397], -0.021140128,
posDebug.dt[398], -0.025604486,
posDebug.dt[399], -0.029161822,
posDebug.dt[400], -0.03149405,
posDebug.dt[401], -0.032839246,
posDebug.dt[402], -0.033116277,
posDebug.dt[403], -0.032654326,
posDebug.dt[404], -0.031191856,
posDebug.dt[405], -0.02870808,
posDebug.dt[406], -0.025405135,
posDebug.dt[407], -0.0211455,
posDebug.dt[408], -0.015868368,
posDebug.dt[409], -0.009355539,
posDebug.dt[410], -0.0019371891,
posDebug.dt[411], 0.005327387,
posDebug.dt[412], 0.011759718,
posDebug.dt[413], 0.0173565,
posDebug.dt[414], 0.021989238,
posDebug.dt[415], 0.025305398,
posDebug.dt[416], 0.0274339,
posDebug.dt[417], 0.028372826,
posDebug.dt[418], 0.028244888,
posDebug.dt[419], 0.027242608,
posDebug.dt[420], 0.025302317,
posDebug.dt[421], 0.022419538,
posDebug.dt[422], 0.01872668,
posDebug.dt[423], 0.014073555,
posDebug.dt[424], 0.008667447,
posDebug.dt[425], 0.0029060645,
posDebug.dt[426], -0.0029507088,
posDebug.dt[427], -0.00877849,
posDebug.dt[428], -0.01383908,
posDebug.dt[429], -0.018189797,
posDebug.dt[430], -0.02183008,
posDebug.dt[431], -0.024298735,
posDebug.dt[432], -0.025466347,
posDebug.dt[433], -0.025772633,
posDebug.dt[434], -0.025078136,
posDebug.dt[435], -0.02349613,
posDebug.dt[436], -0.020833006,
posDebug.dt[437], -0.01728508,
posDebug.dt[438], -0.0125890225,
posDebug.dt[439], -0.0065278313,
posDebug.dt[440], 3.0780118E-4,
posDebug.dt[441], 0.008122416,
posDebug.dt[442], 0.015584278,
posDebug.dt[443], 0.021935103,
posDebug.dt[444], 0.027384654,
posDebug.dt[445], 0.031743053,
posDebug.dt[446], 0.034969214,
posDebug.dt[447], 0.03680042,
posDebug.dt[448], 0.037495796,
posDebug.dt[449], 0.03686097,
posDebug.dt[450], 0.035346005,
posDebug.dt[451], 0.03295494,
posDebug.dt[452], 0.029690962,
posDebug.dt[453], 0.025266074,
posDebug.dt[454], 0.019946888,
posDebug.dt[455], 0.014491858,
posDebug.dt[456], 0.008959389,
posDebug.dt[457], 0.0033399798,
posDebug.dt[458], -0.0017789663,
posDebug.dt[459], -0.006333513,
posDebug.dt[460], -0.010180258,
posDebug.dt[461], -0.012906198,
posDebug.dt[462], -0.014387004,
posDebug.dt[463], -0.014623182,
posDebug.dt[464], -0.013861479,
posDebug.dt[465], -0.011764638,
posDebug.dt[466], -0.008383774,
posDebug.dt[467], -0.0040381667,
posDebug.dt[468], 9.4273314E-4,
posDebug.dt[469], 0.007228121,
posDebug.dt[470], 0.014698775,
posDebug.dt[471], 0.021655373,
posDebug.dt[472], 0.027984373,
posDebug.dt[473], 0.034027148,
posDebug.dt[474], 0.038639046,
posDebug.dt[475], 0.041569088,
posDebug.dt[476], 0.043118812,
posDebug.dt[477], 0.043127708,
posDebug.dt[478], 0.04178314,
posDebug.dt[479], 0.039418414,
posDebug.dt[480], 0.03554164,
posDebug.dt[481], 0.030249394,
posDebug.dt[482], 0.024078315,
posDebug.dt[483], 0.017572485,
posDebug.dt[484], 0.010856444,
posDebug.dt[485], 0.0041850354,
posDebug.dt[486], -0.0013964977,
posDebug.dt[487], -0.006143614,
posDebug.dt[488], -0.009641572,
posDebug.dt[489], -0.012219627,
posDebug.dt[490], -0.0126349535,
posDebug.dt[491], -0.011733587,
posDebug.dt[492], -0.0100211045,
posDebug.dt[493], -0.0071544484,
posDebug.dt[494], -0.0032661948,
posDebug.dt[495], 0.0023206659,
posDebug.dt[496], 0.0090851085,
posDebug.dt[497], 0.01635002,
posDebug.dt[498], 0.024129914,
posDebug.dt[499], 0.031637054,
posDebug.dt[500], 0.037332453,
posDebug.dt[501], 0.041722845,
posDebug.dt[502], 0.04481374,
posDebug.dt[503], 0.04709636,
posDebug.dt[504], 0.04758324,
posDebug.dt[505], 0.04645942,
posDebug.dt[506], 0.044324726,
posDebug.dt[507], 0.040557273,
posDebug.dt[508], 0.03534943,
posDebug.dt[509], 0.029130597,
posDebug.dt[510], 0.02238775,
posDebug.dt[511], 0.015578758,
posDebug.dt[512], 0.008754076,
posDebug.dt[513], 0.0029409728,
posDebug.dt[514], -0.001980883,
posDebug.dt[515], -0.0056617865,
posDebug.dt[516], -0.008292943,
posDebug.dt[517], -0.009532673,
posDebug.dt[518], -0.008864297,
posDebug.dt[519], -0.0071935016,
posDebug.dt[520], -0.004242233,
posDebug.dt[521], 2.000453E-4,
posDebug.dt[522], 0.0060815024,
posDebug.dt[523], 0.013002161,
posDebug.dt[524], 0.020778097,
posDebug.dt[525], 0.029012658,
posDebug.dt[526], 0.036682244,
posDebug.dt[527], 0.042655427,
posDebug.dt[528], 0.04739243,
posDebug.dt[529], 0.050527047,
posDebug.dt[530], 0.052387893,
posDebug.dt[531], 0.05243272,
posDebug.dt[532], 0.05108642,
posDebug.dt[533], 0.048501402,
posDebug.dt[534], 0.044260107,
posDebug.dt[535], 0.038851723,
posDebug.dt[536], 0.03221727,
posDebug.dt[537], 0.024919152,
posDebug.dt[538], 0.017640702,
posDebug.dt[539], 0.010541915,
posDebug.dt[540], 0.0043961825,
posDebug.dt[541], -3.1913305E-4,
posDebug.dt[542], -0.0037895828,
posDebug.dt[543], -0.0059440313,
posDebug.dt[544], -0.006251854,
posDebug.dt[545], -0.0050968057,
posDebug.dt[546], -0.0027954653,
posDebug.dt[547], 6.57449E-4,
posDebug.dt[548], 0.0056716893,
posDebug.dt[549], 0.012123702,
posDebug.dt[550], 0.019557372,
posDebug.dt[551], 0.027437646,
posDebug.dt[552], 0.03525111,
posDebug.dt[553], 0.04267713,
posDebug.dt[554], 0.04795924,
posDebug.dt[555], 0.051695526,
posDebug.dt[556], 0.0541194,
posDebug.dt[557], 0.055049334,
posDebug.dt[558], 0.054460946,
posDebug.dt[559], 0.05266998,
posDebug.dt[560], 0.049288176,
posDebug.dt[561], 0.04452352,
posDebug.dt[562], 0.03869229,
posDebug.dt[563], 0.031878736,
posDebug.dt[564], 0.024666412,
posDebug.dt[565], 0.017513758,
posDebug.dt[566], 0.01107466,
posDebug.dt[567], 0.0058030714,
posDebug.dt[568], 0.0020993613,
posDebug.dt[569], -3.577646E-4,
posDebug.dt[570], -0.0015614266,
posDebug.dt[571], -9.0576016E-4,
posDebug.dt[572], 0.001225279,
posDebug.dt[573], 0.004380039,
posDebug.dt[574], 0.008826699,
posDebug.dt[575], 0.014444418,
posDebug.dt[576], 0.021460349,
posDebug.dt[577], 0.029394433,
posDebug.dt[578], 0.036866345,
posDebug.dt[579], 0.04393052,
posDebug.dt[580], 0.049863495,
posDebug.dt[581], 0.054005273,
posDebug.dt[582], 0.056659818,
posDebug.dt[583], 0.057762798,
posDebug.dt[584], 0.057191413,
posDebug.dt[585], 0.055522457,
posDebug.dt[586], 0.05215014,
posDebug.dt[587], 0.047446772,
posDebug.dt[588], 0.041363403,
posDebug.dt[589], 0.03417571,
posDebug.dt[590], 0.026863119,
posDebug.dt[591], 0.019646257,
posDebug.dt[592], 0.01322007,
posDebug.dt[593], 0.007815009,
posDebug.dt[594], 0.0037175356,
posDebug.dt[595], 8.015896E-4,
posDebug.dt[596], -7.288996E-4,
posDebug.dt[597], -6.683236E-4,
posDebug.dt[598], 9.971438E-4,
posDebug.dt[599], 0.0034812312,
posDebug.dt[600], 0.0072592995,
posDebug.dt[601], 0.012416598,
posDebug.dt[602], 0.019240977,
posDebug.dt[603], 0.026798997,
posDebug.dt[604], 0.03443654,
posDebug.dt[605], 0.04212004,
posDebug.dt[606], 0.048750915,
posDebug.dt[607], 0.05364088,
posDebug.dt[608], 0.056878425,
posDebug.dt[609], 0.058526773,
posDebug.dt[610], 0.058870763,
posDebug.dt[611], 0.05796508,
posDebug.dt[612], 0.05539756,
posDebug.dt[613], 0.051354244,
posDebug.dt[614], 0.046293013,
posDebug.dt[615], 0.04005949,
posDebug.dt[616], 0.032776553,
posDebug.dt[617], 0.025546905,
posDebug.dt[618], 0.018898113,
posDebug.dt[619], 0.013151236,
posDebug.dt[620], 0.008561643,
posDebug.dt[621], 0.0052134153,
posDebug.dt[622], 0.0031105652,
posDebug.dt[623], 0.0024001123,
posDebug.dt[624], 0.003429452,
posDebug.dt[625], 0.0057454584,
posDebug.dt[626], 0.00943694,
posDebug.dt[627], 0.014722328,
posDebug.dt[628], 0.021545246,
posDebug.dt[629], 0.029026795,
posDebug.dt[630], 0.036656123,
posDebug.dt[631], 0.04471361,
posDebug.dt[632], 0.05130814,
posDebug.dt[633], 0.056257088,
posDebug.dt[634], 0.05989984,
posDebug.dt[635], 0.062107045,
posDebug.dt[636], 0.062877,
posDebug.dt[637], 0.062040742,
posDebug.dt[638], 0.059356906,
posDebug.dt[639], 0.055111546,
posDebug.dt[640], 0.049723238,
posDebug.dt[641], 0.043035433,
posDebug.dt[642], 0.035424504,
posDebug.dt[643], 0.027762208,
posDebug.dt[644], 0.020723011,
posDebug.dt[645], 0.014864951,
posDebug.dt[646], 0.010087958,
posDebug.dt[647], 0.0065460918,
posDebug.dt[648], 0.0043859556,
posDebug.dt[649], 0.003680692,
posDebug.dt[650], 0.0051275436,
posDebug.dt[651], 0.007808857,
posDebug.dt[652], 0.012028057,
posDebug.dt[653], 0.017929826,
posDebug.dt[654], 0.025053203,
posDebug.dt[655], 0.03230966,
posDebug.dt[656], 0.039902277,
posDebug.dt[657], 0.047292605,
posDebug.dt[658], 0.05338426,
posDebug.dt[659], 0.058179457,
posDebug.dt[660], 0.061715983,
posDebug.dt[661], 0.06371602,
posDebug.dt[662], 0.06420976,
posDebug.dt[663], 0.06301858,
posDebug.dt[664], 0.059691064,
posDebug.dt[665], 0.055046037,
posDebug.dt[666], 0.0487955,
posDebug.dt[667], 0.04159765,
posDebug.dt[668], 0.033956837,
posDebug.dt[669], 0.026567608,
posDebug.dt[670], 0.019870535,
posDebug.dt[671], 0.014100487,
posDebug.dt[672], 0.009527713,
posDebug.dt[673], 0.0061243037,
posDebug.dt[674], 0.004234419,
posDebug.dt[675], 0.0035980241,
posDebug.dt[676], 0.004983877,
posDebug.dt[677], 0.0076783397,
posDebug.dt[678], 0.011845473,
posDebug.dt[679], 0.01737406,
posDebug.dt[680], 0.024549961,
posDebug.dt[681], 0.031886525,
posDebug.dt[682], 0.039428204,
posDebug.dt[683], 0.046636827,
posDebug.dt[684], 0.052918997,
posDebug.dt[685], 0.057724662,
posDebug.dt[686], 0.0611804,
posDebug.dt[687], 0.06320277,
posDebug.dt[688], 0.063749865,
posDebug.dt[689], 0.06267452,
posDebug.dt[690], 0.05929467,
posDebug.dt[691], 0.054121796,
posDebug.dt[692], 0.047262892,
posDebug.dt[693], 0.039409377,
posDebug.dt[694], 0.0317851,
posDebug.dt[695], 0.024166478,
posDebug.dt[696], 0.017174924,
posDebug.dt[697], 0.01124428,
posDebug.dt[698], 0.0065909987,
posDebug.dt[699], 0.0030300943,
posDebug.dt[700], 7.8208186E-4,
posDebug.dt[701], -2.1436624E-4,
posDebug.dt[702], 6.5340474E-4,
posDebug.dt[703], 0.0031488184,
posDebug.dt[704], 0.007115854,
posDebug.dt[705], 0.012300335,
posDebug.dt[706], 0.018924678,
posDebug.dt[707], 0.02639297,
posDebug.dt[708], 0.034239456,
posDebug.dt[709], -0.8015919,
posDebug.dt[710], -0.79558134,
posDebug.dt[711], -0.79077005,
posDebug.dt[712], -0.78711843,
posDebug.dt[713], -0.78486586,
posDebug.dt[714], -0.78433275,
posDebug.dt[715], -0.78508425,
posDebug.dt[716], -0.7882495,
posDebug.dt[717], -0.7929001,
posDebug.dt[718], -0.7990451,
posDebug.dt[719], -0.80638313,
posDebug.dt[720], -0.8145313,
posDebug.dt[721], -0.82258844,
posDebug.dt[722], -0.82969,
posDebug.dt[723], -0.83498144,
posDebug.dt[724], -0.83886194,
posDebug.dt[725], -0.8412771,
posDebug.dt[726], -0.84236145,
posDebug.dt[727], -0.84194136,
posDebug.dt[728], -0.83941793,
posDebug.dt[729], -0.8354392,
posDebug.dt[730], -0.8296132,
posDebug.dt[731], -0.82281256,
posDebug.dt[732], -0.8154688,
posDebug.dt[733], -0.808486,
posDebug.dt[734], -0.8024316,
posDebug.dt[735], -0.7969208,
posDebug.dt[736], -0.7923312,
posDebug.dt[737], -0.78835726,
posDebug.dt[738], -0.785172,
posDebug.dt[739], -0.78309774,
posDebug.dt[740], -0.78223085,
posDebug.dt[741], -0.7837882,
posDebug.dt[742], -0.78688717,
posDebug.dt[743], -0.7915292,
posDebug.dt[744], -0.79773664,
posDebug.dt[745], -0.8054366,
posDebug.dt[746], -0.8138509,
posDebug.dt[747], -0.82219553,
posDebug.dt[748], -0.8303695,
posDebug.dt[749], -0.8376603,
posDebug.dt[750], -0.843246,
posDebug.dt[751], -0.8473325,
posDebug.dt[752], -0.85005045,
posDebug.dt[753], -0.8513007,
posDebug.dt[754], -0.8510065,
posDebug.dt[755], -0.84951925,
posDebug.dt[756], -0.84631205,
posDebug.dt[757], -0.84112215,
posDebug.dt[758], -0.8349581,
posDebug.dt[759], -0.8278661,
posDebug.dt[760], -0.8203597,
posDebug.dt[761], -0.8126092,
posDebug.dt[762], -0.80554533,
posDebug.dt[763], -0.7996278,
posDebug.dt[764], -0.79503775,
posDebug.dt[765], -0.7915964,
posDebug.dt[766], -0.7893982,
posDebug.dt[767], -0.7883034,
posDebug.dt[768], -0.78884506,
posDebug.dt[769], -0.7907977,
posDebug.dt[770], -0.79381037,
posDebug.dt[771], -0.79758644,
posDebug.dt[772], -0.8019004,
posDebug.dt[773], -0.8068309,
posDebug.dt[774], -0.81267357,
posDebug.dt[775], -0.8187666,
posDebug.dt[776], -0.8247318,
posDebug.dt[777], -0.8303962,
posDebug.dt[778], -0.8357129,
posDebug.dt[779], -0.84011316,
posDebug.dt[780], -0.84288263,
posDebug.dt[781], -0.8443303,
posDebug.dt[782], -0.8449788,
posDebug.dt[783], -0.84491587,
posDebug.dt[784], -0.84357595,
posDebug.dt[785], -0.8407798,
posDebug.dt[786], -0.83705664,
posDebug.dt[787], -0.8324065,
posDebug.dt[788], -0.8264165,
posDebug.dt[789], -0.81979704,
posDebug.dt[790], -0.8129859,
posDebug.dt[791], -0.80623484,
posDebug.dt[792], -0.79985857,
posDebug.dt[793], -0.7937751,
posDebug.dt[794], -0.78812456,
posDebug.dt[795], -0.7834115,
posDebug.dt[796], -0.7791858,
posDebug.dt[797], -0.77620125,
posDebug.dt[798], -0.77476645,
posDebug.dt[799], -0.7744322,
