speedDebug.vg[0], 0.30564344,
speedDebug.vg[1], 0.30564338,
speedDebug.vg[2], 0.30381322,
speedDebug.vg[3], 0.3239454,
speedDebug.vg[4], 0.3239454,
speedDebug.vg[5], 0.3349266,
speedDebug.vg[6], 0.3422474,
speedDebug.vg[7], 0.31845483,
speedDebug.vg[8], 0.31479442,
speedDebug.vg[9], 0.3239454,
speedDebug.vg[10], 0.3422474,
speedDebug.vg[11], 0.329436,
speedDebug.vg[12], 0.32577562,
speedDebug.vg[13], 0.32028502,
speedDebug.vg[14], 0.30930382,
speedDebug.vg[15], 0.31845483,
speedDebug.vg[16], 0.329436,
speedDebug.vg[17], 0.31845483,
speedDebug.vg[18], 0.31662458,
speedDebug.vg[19], 0.3166246,
speedDebug.vg[20], 0.30930382,
speedDebug.vg[21], 0.3129642,
speedDebug.vg[22], 0.3276058,
speedDebug.vg[23], 0.31479442,
speedDebug.vg[24], 0.30381322,
speedDebug.vg[25], 0.31113404,
speedDebug.vg[26], 0.2983226,
speedDebug.vg[27], 0.30381322,
speedDebug.vg[28], 0.3166246,
speedDebug.vg[29], 0.30381322,
speedDebug.vg[30], 0.29649243,
speedDebug.vg[31], 0.3093038,
speedDebug.vg[32], 0.29283202,
speedDebug.vg[33], 0.2873414,
speedDebug.vg[34], 0.3093038,
speedDebug.vg[35], 0.30930382,
speedDebug.vg[36], 0.29832262,
speedDebug.vg[37], 0.30015284,
speedDebug.vg[38], 0.3001528,
speedDebug.vg[39], 0.3093038,
speedDebug.vg[40], 0.3184548,
speedDebug.vg[41], 0.2946622,
speedDebug.vg[42], 0.2964924,
speedDebug.vg[43], 0.2891716,
speedDebug.vg[44], 0.29100177,
speedDebug.vg[45], 0.29832262,
speedDebug.vg[46], 0.301983,
speedDebug.vg[47], 0.3074736,
speedDebug.vg[48], 0.29649243,
speedDebug.vg[49], 0.29466218,
speedDebug.vg[50], 0.3056434,
speedDebug.vg[51], 0.301983,
speedDebug.vg[52], 0.30564338,
speedDebug.vg[53], 0.33126622,
speedDebug.vg[54], 0.3056434,
speedDebug.vg[55], 0.30930382,
speedDebug.vg[56], 0.30930382,
speedDebug.vg[57], 0.30015284,
speedDebug.vg[58], 0.2946622,
speedDebug.vg[59], 0.32577562,
speedDebug.vg[60], 0.301983,
speedDebug.vg[61], 0.30381322,
speedDebug.vg[62], 0.3056434,
speedDebug.vg[63], 0.29832262,
speedDebug.vg[64], 0.3129642,
speedDebug.vg[65], 0.32943603,
speedDebug.vg[66], 0.32028502,
speedDebug.vg[67], 0.32577562,
speedDebug.vg[68], 0.32943603,
speedDebug.vg[69], 0.3239454,
speedDebug.vg[70], 0.3349266,
speedDebug.vg[71], 0.36237958,
speedDebug.vg[72], 0.3513984,
speedDebug.vg[73], 0.34407762,
speedDebug.vg[74], 0.33309644,
speedDebug.vg[75], 0.3587192,
speedDebug.vg[76], 0.37336078,
speedDebug.vg[77], 0.36237958,
speedDebug.vg[78], 0.3587192,
speedDebug.vg[79], 0.36420983,
speedDebug.vg[80], 0.3587192,
speedDebug.vg[81], 0.38068163,
speedDebug.vg[82], 0.38068163,
speedDebug.vg[83], 0.3733608,
speedDebug.vg[84], 0.384342,
speedDebug.vg[85], 0.39898363,
speedDebug.vg[86], 0.39898366,
speedDebug.vg[87], 0.38434198,
speedDebug.vg[88], 0.3880024,
speedDebug.vg[89], 0.37702122,
speedDebug.vg[90], 0.38983262,
speedDebug.vg[91], 0.39349303,
speedDebug.vg[92], 0.38434198,
speedDebug.vg[93], 0.38251185,
speedDebug.vg[94], 0.38251185,
speedDebug.vg[95], 0.40081382,
speedDebug.vg[96], 0.4154554,
speedDebug.vg[97], 0.41362524,
speedDebug.vg[98], 0.39715338,
speedDebug.vg[99], 0.38251182,
speedDebug.vg[100], 0.39898363,
speedDebug.vg[101], 0.4044742,
speedDebug.vg[102], 0.3953232,
speedDebug.vg[103], 0.375191,
speedDebug.vg[104], 0.37702122,
speedDebug.vg[105], 0.3916628,
speedDebug.vg[106], 0.3806816,
speedDebug.vg[107], 0.375191,
speedDebug.vg[108], 0.3587192,
speedDebug.vg[109], 0.3605494,
speedDebug.vg[110], 0.37702116,
speedDebug.vg[111], 0.3733608,
speedDebug.vg[112], 0.3513984,
speedDebug.vg[113], 0.34773803,
speedDebug.vg[114], 0.33858702,
speedDebug.vg[115], 0.34956822,
speedDebug.vg[116], 0.34407762,
speedDebug.vg[117], 0.33675683,
speedDebug.vg[118], 0.3276058,
speedDebug.vg[119], 0.3184548,
speedDebug.vg[120], 0.31662458,
speedDebug.vg[121], 0.3349266,
speedDebug.vg[122], 0.32943603,
speedDebug.vg[123], 0.311134,
speedDebug.vg[124], 0.32028502,
speedDebug.vg[125], 0.3239454,
speedDebug.vg[126], 0.33675683,
speedDebug.vg[127], 0.34590784,
speedDebug.vg[128], 0.31662458,
speedDebug.vg[129], 0.32211524,
speedDebug.vg[130], 0.3330964,
speedDebug.vg[131], 0.3349266,
speedDebug.vg[132], 0.3459078,
speedDebug.vg[133], 0.34407762,
speedDebug.vg[134], 0.34773803,
speedDebug.vg[135], 0.3513984,
speedDebug.vg[136], 0.34407762,
speedDebug.vg[137], 0.37336078,
speedDebug.vg[138], 0.3880024,
speedDebug.vg[139], 0.38983262,
speedDebug.vg[140], 0.37519103,
speedDebug.vg[141], 0.36420983,
speedDebug.vg[142], 0.37519103,
speedDebug.vg[143], 0.39349303,
speedDebug.vg[144], 0.38617224,
speedDebug.vg[145], 0.3825118,
speedDebug.vg[146], 0.37702116,
speedDebug.vg[147], 0.3861722,
speedDebug.vg[148], 0.39898363,
speedDebug.vg[149], 0.39349303,
speedDebug.vg[150], 0.3806816,
speedDebug.vg[151], 0.37519103,
speedDebug.vg[152], 0.3825118,
speedDebug.vg[153], 0.39715338,
speedDebug.vg[154], 0.38251182,
speedDebug.vg[155], 0.3861722,
speedDebug.vg[156], 0.375191,
speedDebug.vg[157], 0.3861722,
speedDebug.vg[158], 0.38617224,
speedDebug.vg[159], 0.384342,
speedDebug.vg[160], 0.38983262,
speedDebug.vg[161], 0.36970037,
speedDebug.vg[162], 0.39349303,
speedDebug.vg[163], 0.40081382,
speedDebug.vg[164], 0.38434198,
speedDebug.vg[165], 0.40081385,
speedDebug.vg[166], 0.42094603,
speedDebug.vg[167], 0.4044742,
speedDebug.vg[168], 0.384342,
speedDebug.vg[169], 0.38983262,
speedDebug.vg[170], 0.375191,
speedDebug.vg[171], 0.384342,
speedDebug.vg[172], 0.38251182,
speedDebug.vg[173], 0.37153062,
speedDebug.vg[174], 0.3678702,
speedDebug.vg[175], 0.3642098,
speedDebug.vg[176], 0.3770212,
speedDebug.vg[177], 0.3880024,
speedDebug.vg[178], 0.3788514,
speedDebug.vg[179], 0.35322863,
speedDebug.vg[180], 0.3459078,
speedDebug.vg[181], 0.34407762,
speedDebug.vg[182], 0.3697004,
speedDebug.vg[183], 0.34773803,
speedDebug.vg[184], 0.33675683,
speedDebug.vg[185], 0.33492664,
speedDebug.vg[186], 0.329436,
speedDebug.vg[187], 0.320285,
speedDebug.vg[188], 0.33858702,
speedDebug.vg[189], 0.33675683,
speedDebug.vg[190], 0.31662458,
speedDebug.vg[191], 0.3129642,
speedDebug.vg[192], 0.3221152,
speedDebug.vg[193], 0.3312662,
speedDebug.vg[194], 0.3349266,
speedDebug.vg[195], 0.33492664,
speedDebug.vg[196], 0.32211524,
speedDebug.vg[197], 0.31479442,
speedDebug.vg[198], 0.32943603,
speedDebug.vg[199], 0.3550588,
speedDebug.vg[200], 0.3513984,
speedDebug.vg[201], 0.3495682,
speedDebug.vg[202], 0.35322863,
speedDebug.vg[203], 0.33858702,
speedDebug.vg[204], 0.36787024,
speedDebug.vg[205], 0.3788514,
speedDebug.vg[206], 0.36420983,
speedDebug.vg[207], 0.375191,
speedDebug.vg[208], 0.39349303,
speedDebug.vg[209], 0.40996477,
speedDebug.vg[210], 0.3788514,
speedDebug.vg[211], 0.37702122,
speedDebug.vg[212], 0.37885144,
speedDebug.vg[213], 0.3971534,
speedDebug.vg[214], 0.40813458,
speedDebug.vg[215], 0.3825118,
speedDebug.vg[216], 0.38800243,
speedDebug.vg[217], 0.38983262,
speedDebug.vg[218], 0.4063044,
speedDebug.vg[219], 0.4246064,
speedDebug.vg[220], 0.4264366,
speedDebug.vg[221], 0.40630442,
speedDebug.vg[222], 0.40264398,
speedDebug.vg[223], 0.4191158,
speedDebug.vg[224], 0.42277622,
speedDebug.vg[225], 0.40813464,
speedDebug.vg[226], 0.402644,
speedDebug.vg[227], 0.411795,
speedDebug.vg[228], 0.41728562,
speedDebug.vg[229], 0.41362524,
speedDebug.vg[230], 0.3989836,
speedDebug.vg[231], 0.38983262,
speedDebug.vg[232], 0.402644,
speedDebug.vg[233], 0.4099648,
speedDebug.vg[234], 0.39349303,
speedDebug.vg[235], 0.3806816,
speedDebug.vg[236], 0.375191,
speedDebug.vg[237], 0.38251182,
speedDebug.vg[238], 0.3788514,
speedDebug.vg[239], 0.36604002,
speedDebug.vg[240], 0.35871923,
speedDebug.vg[241], 0.3459078,
speedDebug.vg[242], 0.35871917,
speedDebug.vg[243], 0.3623796,
speedDebug.vg[244], 0.34224743,
speedDebug.vg[245], 0.34041724,
speedDebug.vg[246], 0.3422474,
speedDebug.vg[247], 0.356889,
speedDebug.vg[248], 0.3459078,
speedDebug.vg[249], 0.3276058,
speedDebug.vg[250], 0.32028502,
speedDebug.vg[251], 0.32577562,
speedDebug.vg[252], 0.0,
speedDebug.vg[253], 0.0,
speedDebug.vg[254], 0.0,
speedDebug.vg[255], 0.0,
speedDebug.vg[256], 0.0,
speedDebug.vg[257], 0.0,
speedDebug.vg[258], 0.0,
speedDebug.vg[259], 0.0,
speedDebug.vg[260], 0.0,
speedDebug.vg[261], 0.0,
speedDebug.vg[262], 0.0,
speedDebug.vg[263], 0.0,
speedDebug.vg[264], 0.0,
speedDebug.vg[265], 0.0,
speedDebug.vg[266], 0.0,
speedDebug.vg[267], 0.0,
speedDebug.vg[268], 0.0,
speedDebug.vg[269], 0.0,
speedDebug.vg[270], 0.0,
speedDebug.vg[271], 0.0,
speedDebug.vg[272], 0.0,
speedDebug.vg[273], 0.0,
speedDebug.vg[274], 0.0,
speedDebug.vg[275], 0.0,
speedDebug.vg[276], 0.0,
speedDebug.vg[277], 0.0,
speedDebug.vg[278], 0.0,
speedDebug.vg[279], 0.0,
speedDebug.vg[280], 0.0,
speedDebug.vg[281], 0.0,
speedDebug.vg[282], 0.0,
speedDebug.vg[283], 0.0,
speedDebug.vg[284], 0.0,
speedDebug.vg[285], 0.0,
speedDebug.vg[286], 0.0,
speedDebug.vg[287], 0.0,
speedDebug.vg[288], 0.0,
speedDebug.vg[289], 0.0,
speedDebug.vg[290], 0.0,
speedDebug.vg[291], 0.0,
speedDebug.vg[292], 0.0,
speedDebug.vg[293], 0.0,
speedDebug.vg[294], 0.0,
speedDebug.vg[295], 0.0,
speedDebug.vg[296], 0.0,
speedDebug.vg[297], 0.0,
speedDebug.vg[298], 0.0,
speedDebug.vg[299], 0.0,
speedDebug.vg[300], 0.0,
speedDebug.vg[301], 0.0,
speedDebug.vg[302], 0.0,
speedDebug.vg[303], 0.0,
speedDebug.vg[304], 0.0,
speedDebug.vg[305], 0.0,
speedDebug.vg[306], 0.0,
speedDebug.vg[307], 0.0,
speedDebug.vg[308], 0.0,
speedDebug.vg[309], 0.0,
speedDebug.vg[310], 0.0,
speedDebug.vg[311], 0.0,
speedDebug.vg[312], 0.0,
speedDebug.vg[313], 0.0,
speedDebug.vg[314], 0.0,
speedDebug.vg[315], 0.0,
speedDebug.vg[316], 0.0,
speedDebug.vg[317], 0.0,
speedDebug.vg[318], 0.0,
speedDebug.vg[319], 0.0,
speedDebug.vg[320], 0.0,
speedDebug.vg[321], 0.0,
speedDebug.vg[322], 0.0,
speedDebug.vg[323], 0.0,
speedDebug.vg[324], 0.0,
speedDebug.vg[325], 0.0,
speedDebug.vg[326], 0.0,
speedDebug.vg[327], 0.0,
speedDebug.vg[328], 0.0,
speedDebug.vg[329], 0.0,
speedDebug.vg[330], 0.0,
speedDebug.vg[331], 0.0,
speedDebug.vg[332], 0.0,
speedDebug.vg[333], 0.0,
speedDebug.vg[334], 0.0,
speedDebug.vg[335], 0.0,
speedDebug.vg[336], 0.0,
speedDebug.vg[337], 0.0,
speedDebug.vg[338], 0.0,
speedDebug.vg[339], 0.0,
speedDebug.vg[340], 0.0,
speedDebug.vg[341], 0.0,
speedDebug.vg[342], 0.0,
speedDebug.vg[343], 0.0,
speedDebug.vg[344], 0.0,
speedDebug.vg[345], 0.0,
speedDebug.vg[346], 0.0,
speedDebug.vg[347], 0.0,
speedDebug.vg[348], 0.0,
speedDebug.vg[349], 0.0,
speedDebug.vg[350], 0.0,
speedDebug.vg[351], 0.0,
speedDebug.vg[352], 0.0,
speedDebug.vg[353], 0.0,
speedDebug.vg[354], 0.0,
speedDebug.vg[355], 0.0,
speedDebug.vg[356], 0.0,
speedDebug.vg[357], 0.0,
speedDebug.vg[358], 0.0,
speedDebug.vg[359], 0.0,
speedDebug.vg[360], 0.0,
speedDebug.vg[361], 0.0,
speedDebug.vg[362], 0.0,
speedDebug.vg[363], 0.0,
speedDebug.vg[364], 0.0,
speedDebug.vg[365], 0.0,
speedDebug.vg[366], 0.0,
speedDebug.vg[367], 0.0,
speedDebug.vg[368], 0.0,
speedDebug.vg[369], 0.0,
speedDebug.vg[370], 0.0,
speedDebug.vg[371], 0.0,
speedDebug.vg[372], 0.0,
speedDebug.vg[373], 0.0,
speedDebug.vg[374], 0.0,
speedDebug.vg[375], 0.0,
speedDebug.vg[376], 0.0,
speedDebug.vg[377], 0.0,
speedDebug.vg[378], 0.0,
speedDebug.vg[379], 0.0,
speedDebug.vg[380], 0.0,
speedDebug.vg[381], 0.0,
speedDebug.vg[382], 0.0,
speedDebug.vg[383], 0.0,
speedDebug.vg[384], 0.0,
speedDebug.vg[385], 0.0,
speedDebug.vg[386], 0.0,
speedDebug.vg[387], 0.0,
speedDebug.vg[388], 0.0,
speedDebug.vg[389], 0.0,
speedDebug.vg[390], 0.0,
speedDebug.vg[391], 0.0,
speedDebug.vg[392], 0.0,
speedDebug.vg[393], 0.0,
speedDebug.vg[394], 0.0,
speedDebug.vg[395], 0.0,
speedDebug.vg[396], 0.0,
speedDebug.vg[397], 0.0,
speedDebug.vg[398], 0.0,
speedDebug.vg[399], 0.0,
speedDebug.vd[0], 0.28734142,
speedDebug.vd[1], 0.2855112,
speedDebug.vd[2], 0.2910018,
speedDebug.vd[3], 0.29283202,
speedDebug.vd[4], 0.2910018,
speedDebug.vd[5], 0.29466218,
speedDebug.vd[6], 0.29649243,
speedDebug.vd[7], 0.2946622,
speedDebug.vd[8], 0.29283202,
speedDebug.vd[9], 0.28734142,
speedDebug.vd[10], 0.292832,
speedDebug.vd[11], 0.2910018,
speedDebug.vd[12], 0.28734142,
speedDebug.vd[13], 0.2910018,
speedDebug.vd[14], 0.28917164,
speedDebug.vd[15], 0.28551123,
speedDebug.vd[16], 0.2910018,
speedDebug.vd[17], 0.28551123,
speedDebug.vd[18], 0.29283202,
speedDebug.vd[19], 0.2946622,
speedDebug.vd[20], 0.28734142,
speedDebug.vd[21], 0.28917164,
speedDebug.vd[22], 0.2891716,
speedDebug.vd[23], 0.29283202,
speedDebug.vd[24], 0.2910018,
speedDebug.vd[25], 0.29283202,
speedDebug.vd[26], 0.29649243,
speedDebug.vd[27], 0.29283202,
speedDebug.vd[28], 0.2983226,
speedDebug.vd[29], 0.3074736,
speedDebug.vd[30], 0.30198303,
speedDebug.vd[31], 0.3056434,
speedDebug.vd[32], 0.30930382,
speedDebug.vd[33], 0.3038132,
speedDebug.vd[34], 0.3001528,
speedDebug.vd[35], 0.30930382,
speedDebug.vd[36], 0.29466224,
speedDebug.vd[37], 0.30381322,
speedDebug.vd[38], 0.30747363,
speedDebug.vd[39], 0.30747363,
speedDebug.vd[40], 0.29832262,
speedDebug.vd[41], 0.30381325,
speedDebug.vd[42], 0.30381322,
speedDebug.vd[43], 0.30747363,
speedDebug.vd[44], 0.3093038,
speedDebug.vd[45], 0.30930382,
speedDebug.vd[46], 0.3184548,
speedDebug.vd[47], 0.3184548,
speedDebug.vd[48], 0.3221152,
speedDebug.vd[49], 0.32577562,
speedDebug.vd[50], 0.31296423,
speedDebug.vd[51], 0.3184548,
speedDebug.vd[52], 0.3239454,
speedDebug.vd[53], 0.3239454,
speedDebug.vd[54], 0.3056434,
speedDebug.vd[55], 0.3404172,
speedDebug.vd[56], 0.34224743,
speedDebug.vd[57], 0.33309644,
speedDebug.vd[58], 0.34407762,
speedDebug.vd[59], 0.3459078,
speedDebug.vd[60], 0.34773803,
speedDebug.vd[61], 0.34407765,
speedDebug.vd[62], 0.34041724,
speedDebug.vd[63], 0.34773803,
speedDebug.vd[64], 0.3495682,
speedDebug.vd[65], 0.34773806,
speedDebug.vd[66], 0.356889,
speedDebug.vd[67], 0.356889,
speedDebug.vd[68], 0.34773806,
speedDebug.vd[69], 0.3459078,
speedDebug.vd[70], 0.3495682,
speedDebug.vd[71], 0.34956822,
speedDebug.vd[72], 0.3550588,
speedDebug.vd[73], 0.34407762,
speedDebug.vd[74], 0.35322863,
speedDebug.vd[75], 0.3532286,
speedDebug.vd[76], 0.3532286,
speedDebug.vd[77], 0.34956822,
speedDebug.vd[78], 0.35139838,
speedDebug.vd[79], 0.3513984,
speedDebug.vd[80], 0.36054942,
speedDebug.vd[81], 0.35322863,
speedDebug.vd[82], 0.3623796,
speedDebug.vd[83], 0.36970043,
speedDebug.vd[84], 0.34956825,
speedDebug.vd[85], 0.3532286,
speedDebug.vd[86], 0.356889,
speedDebug.vd[87], 0.36054942,
speedDebug.vd[88], 0.36420983,
speedDebug.vd[89], 0.36054942,
speedDebug.vd[90], 0.356889,
speedDebug.vd[91], 0.37153062,
speedDebug.vd[92], 0.3697004,
speedDebug.vd[93], 0.3513984,
speedDebug.vd[94], 0.3513984,
speedDebug.vd[95], 0.35871923,
speedDebug.vd[96], 0.36604,
speedDebug.vd[97], 0.36970043,
speedDebug.vd[98], 0.36604,
speedDebug.vd[99], 0.36604002,
speedDebug.vd[100], 0.37336078,
speedDebug.vd[101], 0.3715306,
speedDebug.vd[102], 0.3697004,
speedDebug.vd[103], 0.36603996,
speedDebug.vd[104], 0.36604002,
speedDebug.vd[105], 0.3697004,
speedDebug.vd[106], 0.37153062,
speedDebug.vd[107], 0.375191,
speedDebug.vd[108], 0.37153062,
speedDebug.vd[109], 0.3715306,
speedDebug.vd[110], 0.3642098,
speedDebug.vd[111], 0.3550588,
speedDebug.vd[112], 0.3623796,
speedDebug.vd[113], 0.3550588,
speedDebug.vd[114], 0.37153062,
speedDebug.vd[115], 0.37336078,
speedDebug.vd[116], 0.375191,
speedDebug.vd[117], 0.3715306,
speedDebug.vd[118], 0.36604002,
speedDebug.vd[119], 0.36970037,
speedDebug.vd[120], 0.3715306,
speedDebug.vd[121], 0.37519103,
speedDebug.vd[122], 0.3697004,
speedDebug.vd[123], 0.36787018,
speedDebug.vd[124], 0.3459078,
speedDebug.vd[125], 0.37519103,
speedDebug.vd[126], 0.3623796,
speedDebug.vd[127], 0.3697004,
speedDebug.vd[128], 0.3715306,
speedDebug.vd[129], 0.3733608,
speedDebug.vd[130], 0.37702122,
speedDebug.vd[131], 0.37519103,
speedDebug.vd[132], 0.3770212,
speedDebug.vd[133], 0.37336078,
speedDebug.vd[134], 0.356889,
speedDebug.vd[135], 0.36604,
speedDebug.vd[136], 0.36604002,
speedDebug.vd[137], 0.36787018,
speedDebug.vd[138], 0.36604,
speedDebug.vd[139], 0.37519103,
speedDebug.vd[140], 0.3678702,
speedDebug.vd[141], 0.37519103,
speedDebug.vd[142], 0.36420983,
speedDebug.vd[143], 0.36604002,
speedDebug.vd[144], 0.36604,
speedDebug.vd[145], 0.35871917,
speedDebug.vd[146], 0.3642098,
speedDebug.vd[147], 0.3642098,
speedDebug.vd[148], 0.37336078,
speedDebug.vd[149], 0.3697004,
speedDebug.vd[150], 0.3642098,
speedDebug.vd[151], 0.36420983,
speedDebug.vd[152], 0.3678702,
speedDebug.vd[153], 0.3623796,
speedDebug.vd[154], 0.3697004,
speedDebug.vd[155], 0.3642098,
speedDebug.vd[156], 0.3697004,
speedDebug.vd[157], 0.3806816,
speedDebug.vd[158], 0.3678702,
speedDebug.vd[159], 0.36604,
speedDebug.vd[160], 0.3733608,
speedDebug.vd[161], 0.3715306,
speedDebug.vd[162], 0.375191,
speedDebug.vd[163], 0.36604,
speedDebug.vd[164], 0.37153062,
speedDebug.vd[165], 0.37702122,
speedDebug.vd[166], 0.3697004,
speedDebug.vd[167], 0.3715306,
speedDebug.vd[168], 0.3770212,
speedDebug.vd[169], 0.37519103,
speedDebug.vd[170], 0.3697004,
speedDebug.vd[171], 0.37519103,
speedDebug.vd[172], 0.375191,
speedDebug.vd[173], 0.3806816,
speedDebug.vd[174], 0.3770212,
speedDebug.vd[175], 0.37153062,
speedDebug.vd[176], 0.3733608,
speedDebug.vd[177], 0.3733608,
speedDebug.vd[178], 0.37519103,
speedDebug.vd[179], 0.38068163,
speedDebug.vd[180], 0.3788514,
speedDebug.vd[181], 0.37885138,
speedDebug.vd[182], 0.38251182,
speedDebug.vd[183], 0.38617224,
speedDebug.vd[184], 0.3788514,
speedDebug.vd[185], 0.3697004,
speedDebug.vd[186], 0.3678702,
speedDebug.vd[187], 0.37153062,
speedDebug.vd[188], 0.37153062,
speedDebug.vd[189], 0.3715306,
speedDebug.vd[190], 0.3678702,
speedDebug.vd[191], 0.3513984,
speedDebug.vd[192], 0.3330964,
speedDebug.vd[193], 0.37153062,
speedDebug.vd[194], 0.3495682,
speedDebug.vd[195], 0.36054942,
speedDebug.vd[196], 0.3678702,
speedDebug.vd[197], 0.3678702,
speedDebug.vd[198], 0.36054942,
speedDebug.vd[199], 0.3550588,
speedDebug.vd[200], 0.36420983,
speedDebug.vd[201], 0.3678702,
speedDebug.vd[202], 0.3623796,
speedDebug.vd[203], 0.36604002,
speedDebug.vd[204], 0.3697004,
speedDebug.vd[205], 0.37519103,
speedDebug.vd[206], 0.356889,
speedDebug.vd[207], 0.35688898,
speedDebug.vd[208], 0.37153062,
speedDebug.vd[209], 0.375191,
speedDebug.vd[210], 0.3715306,
speedDebug.vd[211], 0.36054942,
speedDebug.vd[212], 0.3697004,
speedDebug.vd[213], 0.3806816,
speedDebug.vd[214], 0.3770212,
speedDebug.vd[215], 0.35871917,
speedDebug.vd[216], 0.36054942,
speedDebug.vd[217], 0.3733608,
speedDebug.vd[218], 0.37885138,
speedDebug.vd[219], 0.3806816,
speedDebug.vd[220], 0.3825118,
speedDebug.vd[221], 0.37519097,
speedDebug.vd[222], 0.3788514,
speedDebug.vd[223], 0.375191,
speedDebug.vd[224], 0.3770212,
speedDebug.vd[225], 0.38068163,
speedDebug.vd[226], 0.3697004,
speedDebug.vd[227], 0.36787018,
speedDebug.vd[228], 0.37153065,
speedDebug.vd[229], 0.3788514,
speedDebug.vd[230], 0.3770212,
speedDebug.vd[231], 0.36970043,
speedDebug.vd[232], 0.36237958,
speedDebug.vd[233], 0.3623796,
speedDebug.vd[234], 0.36054942,
speedDebug.vd[235], 0.36604002,
speedDebug.vd[236], 0.3697004,
speedDebug.vd[237], 0.3806816,
speedDebug.vd[238], 0.3788514,
speedDebug.vd[239], 0.37153062,
speedDebug.vd[240], 0.37519103,
speedDebug.vd[241], 0.38068157,
speedDebug.vd[242], 0.3825118,
speedDebug.vd[243], 0.3825118,
speedDebug.vd[244], 0.3733608,
speedDebug.vd[245], 0.3806816,
speedDebug.vd[246], 0.3806816,
speedDebug.vd[247], 0.36970037,
speedDebug.vd[248], 0.3733608,
speedDebug.vd[249], 0.37702122,
speedDebug.vd[250], 0.37519103,
speedDebug.vd[251], 0.3715306,
speedDebug.vd[252], 0.0,
speedDebug.vd[253], 0.0,
speedDebug.vd[254], 0.0,
speedDebug.vd[255], 0.0,
speedDebug.vd[256], 0.0,
speedDebug.vd[257], 0.0,
speedDebug.vd[258], 0.0,
speedDebug.vd[259], 0.0,
speedDebug.vd[260], 0.0,
speedDebug.vd[261], 0.0,
speedDebug.vd[262], 0.0,
speedDebug.vd[263], 0.0,
speedDebug.vd[264], 0.0,
speedDebug.vd[265], 0.0,
speedDebug.vd[266], 0.0,
speedDebug.vd[267], 0.0,
speedDebug.vd[268], 0.0,
speedDebug.vd[269], 0.0,
speedDebug.vd[270], 0.0,
speedDebug.vd[271], 0.0,
speedDebug.vd[272], 0.0,
speedDebug.vd[273], 0.0,
speedDebug.vd[274], 0.0,
speedDebug.vd[275], 0.0,
speedDebug.vd[276], 0.0,
speedDebug.vd[277], 0.0,
speedDebug.vd[278], 0.0,
speedDebug.vd[279], 0.0,
speedDebug.vd[280], 0.0,
speedDebug.vd[281], 0.0,
speedDebug.vd[282], 0.0,
speedDebug.vd[283], 0.0,
speedDebug.vd[284], 0.0,
speedDebug.vd[285], 0.0,
speedDebug.vd[286], 0.0,
speedDebug.vd[287], 0.0,
speedDebug.vd[288], 0.0,
speedDebug.vd[289], 0.0,
speedDebug.vd[290], 0.0,
speedDebug.vd[291], 0.0,
speedDebug.vd[292], 0.0,
speedDebug.vd[293], 0.0,
speedDebug.vd[294], 0.0,
speedDebug.vd[295], 0.0,
speedDebug.vd[296], 0.0,
speedDebug.vd[297], 0.0,
speedDebug.vd[298], 0.0,
speedDebug.vd[299], 0.0,
speedDebug.vd[300], 0.0,
speedDebug.vd[301], 0.0,
speedDebug.vd[302], 0.0,
speedDebug.vd[303], 0.0,
speedDebug.vd[304], 0.0,
speedDebug.vd[305], 0.0,
speedDebug.vd[306], 0.0,
speedDebug.vd[307], 0.0,
speedDebug.vd[308], 0.0,
speedDebug.vd[309], 0.0,
speedDebug.vd[310], 0.0,
speedDebug.vd[311], 0.0,
speedDebug.vd[312], 0.0,
speedDebug.vd[313], 0.0,
speedDebug.vd[314], 0.0,
speedDebug.vd[315], 0.0,
speedDebug.vd[316], 0.0,
speedDebug.vd[317], 0.0,
speedDebug.vd[318], 0.0,
speedDebug.vd[319], 0.0,
speedDebug.vd[320], 0.0,
speedDebug.vd[321], 0.0,
speedDebug.vd[322], 0.0,
speedDebug.vd[323], 0.0,
speedDebug.vd[324], 0.0,
speedDebug.vd[325], 0.0,
speedDebug.vd[326], 0.0,
speedDebug.vd[327], 0.0,
speedDebug.vd[328], 0.0,
speedDebug.vd[329], 0.0,
speedDebug.vd[330], 0.0,
speedDebug.vd[331], 0.0,
speedDebug.vd[332], 0.0,
speedDebug.vd[333], 0.0,
speedDebug.vd[334], 0.0,
speedDebug.vd[335], 0.0,
speedDebug.vd[336], 0.0,
speedDebug.vd[337], 0.0,
speedDebug.vd[338], 0.0,
speedDebug.vd[339], 0.0,
speedDebug.vd[340], 0.0,
speedDebug.vd[341], 0.0,
speedDebug.vd[342], 0.0,
speedDebug.vd[343], 0.0,
speedDebug.vd[344], 0.0,
speedDebug.vd[345], 0.0,
speedDebug.vd[346], 0.0,
speedDebug.vd[347], 0.0,
speedDebug.vd[348], 0.0,
speedDebug.vd[349], 0.0,
speedDebug.vd[350], 0.0,
speedDebug.vd[351], 0.0,
speedDebug.vd[352], 0.0,
speedDebug.vd[353], 0.0,
speedDebug.vd[354], 0.0,
speedDebug.vd[355], 0.0,
speedDebug.vd[356], 0.0,
speedDebug.vd[357], 0.0,
speedDebug.vd[358], 0.0,
speedDebug.vd[359], 0.0,
speedDebug.vd[360], 0.0,
speedDebug.vd[361], 0.0,
speedDebug.vd[362], 0.0,
speedDebug.vd[363], 0.0,
speedDebug.vd[364], 0.0,
speedDebug.vd[365], 0.0,
speedDebug.vd[366], 0.0,
speedDebug.vd[367], 0.0,
speedDebug.vd[368], 0.0,
speedDebug.vd[369], 0.0,
speedDebug.vd[370], 0.0,
speedDebug.vd[371], 0.0,
speedDebug.vd[372], 0.0,
speedDebug.vd[373], 0.0,
speedDebug.vd[374], 0.0,
speedDebug.vd[375], 0.0,
speedDebug.vd[376], 0.0,
speedDebug.vd[377], 0.0,
speedDebug.vd[378], 0.0,
speedDebug.vd[379], 0.0,
speedDebug.vd[380], 0.0,
speedDebug.vd[381], 0.0,
speedDebug.vd[382], 0.0,
speedDebug.vd[383], 0.0,
speedDebug.vd[384], 0.0,
speedDebug.vd[385], 0.0,
speedDebug.vd[386], 0.0,
speedDebug.vd[387], 0.0,
speedDebug.vd[388], 0.0,
speedDebug.vd[389], 0.0,
speedDebug.vd[390], 0.0,
speedDebug.vd[391], 0.0,
speedDebug.vd[392], 0.0,
speedDebug.vd[393], 0.0,
speedDebug.vd[394], 0.0,
speedDebug.vd[395], 0.0,
speedDebug.vd[396], 0.0,
speedDebug.vd[397], 0.0,
speedDebug.vd[398], 0.0,
speedDebug.vd[399], 0.0,
speedDebug.cons_vg[0], 0.3,
speedDebug.cons_vg[1], 0.3,
speedDebug.cons_vg[2], 0.3,
speedDebug.cons_vg[3], 0.3,
speedDebug.cons_vg[4], 0.3,
speedDebug.cons_vg[5], 0.3,
speedDebug.cons_vg[6], 0.3,
speedDebug.cons_vg[7], 0.3,
speedDebug.cons_vg[8], 0.3,
speedDebug.cons_vg[9], 0.3,
speedDebug.cons_vg[10], 0.3,
speedDebug.cons_vg[11], 0.3,
speedDebug.cons_vg[12], 0.3,
speedDebug.cons_vg[13], 0.3,
speedDebug.cons_vg[14], 0.3,
speedDebug.cons_vg[15], 0.3,
speedDebug.cons_vg[16], 0.3,
speedDebug.cons_vg[17], 0.3,
speedDebug.cons_vg[18], 0.3,
speedDebug.cons_vg[19], 0.3,
speedDebug.cons_vg[20], 0.3,
speedDebug.cons_vg[21], 0.3,
speedDebug.cons_vg[22], 0.3,
speedDebug.cons_vg[23], 0.3,
speedDebug.cons_vg[24], 0.3,
speedDebug.cons_vg[25], 0.3,
speedDebug.cons_vg[26], 0.3,
speedDebug.cons_vg[27], 0.3,
speedDebug.cons_vg[28], 0.3,
speedDebug.cons_vg[29], 0.3,
speedDebug.cons_vg[30], 0.3,
speedDebug.cons_vg[31], 0.3,
speedDebug.cons_vg[32], 0.3,
speedDebug.cons_vg[33], 0.3,
speedDebug.cons_vg[34], 0.3,
speedDebug.cons_vg[35], 0.3,
speedDebug.cons_vg[36], 0.3,
speedDebug.cons_vg[37], 0.3,
speedDebug.cons_vg[38], 0.3,
speedDebug.cons_vg[39], 0.3,
speedDebug.cons_vg[40], 0.3,
speedDebug.cons_vg[41], 0.3,
speedDebug.cons_vg[42], 0.4,
speedDebug.cons_vg[43], 0.4,
speedDebug.cons_vg[44], 0.4,
speedDebug.cons_vg[45], 0.4,
speedDebug.cons_vg[46], 0.4,
speedDebug.cons_vg[47], 0.4,
speedDebug.cons_vg[48], 0.4,
speedDebug.cons_vg[49], 0.4,
speedDebug.cons_vg[50], 0.4,
speedDebug.cons_vg[51], 0.4,
speedDebug.cons_vg[52], 0.4,
speedDebug.cons_vg[53], 0.4,
speedDebug.cons_vg[54], 0.4,
speedDebug.cons_vg[55], 0.4,
speedDebug.cons_vg[56], 0.4,
speedDebug.cons_vg[57], 0.4,
speedDebug.cons_vg[58], 0.4,
speedDebug.cons_vg[59], 0.4,
speedDebug.cons_vg[60], 0.4,
speedDebug.cons_vg[61], 0.4,
speedDebug.cons_vg[62], 0.4,
speedDebug.cons_vg[63], 0.4,
speedDebug.cons_vg[64], 0.4,
speedDebug.cons_vg[65], 0.4,
speedDebug.cons_vg[66], 0.4,
speedDebug.cons_vg[67], 0.4,
speedDebug.cons_vg[68], 0.4,
speedDebug.cons_vg[69], 0.4,
speedDebug.cons_vg[70], 0.4,
speedDebug.cons_vg[71], 0.4,
speedDebug.cons_vg[72], 0.4,
speedDebug.cons_vg[73], 0.4,
speedDebug.cons_vg[74], 0.4,
speedDebug.cons_vg[75], 0.4,
speedDebug.cons_vg[76], 0.4,
speedDebug.cons_vg[77], 0.4,
speedDebug.cons_vg[78], 0.4,
speedDebug.cons_vg[79], 0.4,
speedDebug.cons_vg[80], 0.4,
speedDebug.cons_vg[81], 0.4,
speedDebug.cons_vg[82], 0.4,
speedDebug.cons_vg[83], 0.4,
speedDebug.cons_vg[84], 0.4,
speedDebug.cons_vg[85], 0.4,
speedDebug.cons_vg[86], 0.4,
speedDebug.cons_vg[87], 0.4,
speedDebug.cons_vg[88], 0.4,
speedDebug.cons_vg[89], 0.4,
speedDebug.cons_vg[90], 0.4,
speedDebug.cons_vg[91], 0.4,
speedDebug.cons_vg[92], 0.4,
speedDebug.cons_vg[93], 0.4,
speedDebug.cons_vg[94], 0.4,
speedDebug.cons_vg[95], 0.4,
speedDebug.cons_vg[96], 0.4,
speedDebug.cons_vg[97], 0.4,
speedDebug.cons_vg[98], 0.4,
speedDebug.cons_vg[99], 0.4,
speedDebug.cons_vg[100], 0.4,
speedDebug.cons_vg[101], 0.4,
speedDebug.cons_vg[102], 0.4,
speedDebug.cons_vg[103], 0.4,
speedDebug.cons_vg[104], 0.4,
speedDebug.cons_vg[105], 0.4,
speedDebug.cons_vg[106], 0.4,
speedDebug.cons_vg[107], 0.4,
speedDebug.cons_vg[108], 0.4,
speedDebug.cons_vg[109], 0.4,
speedDebug.cons_vg[110], 0.4,
speedDebug.cons_vg[111], 0.4,
speedDebug.cons_vg[112], 0.4,
speedDebug.cons_vg[113], 0.4,
speedDebug.cons_vg[114], 0.4,
speedDebug.cons_vg[115], 0.4,
speedDebug.cons_vg[116], 0.4,
speedDebug.cons_vg[117], 0.4,
speedDebug.cons_vg[118], 0.4,
speedDebug.cons_vg[119], 0.4,
speedDebug.cons_vg[120], 0.4,
speedDebug.cons_vg[121], 0.4,
speedDebug.cons_vg[122], 0.4,
speedDebug.cons_vg[123], 0.4,
speedDebug.cons_vg[124], 0.4,
speedDebug.cons_vg[125], 0.4,
speedDebug.cons_vg[126], 0.4,
speedDebug.cons_vg[127], 0.4,
speedDebug.cons_vg[128], 0.4,
speedDebug.cons_vg[129], 0.4,
speedDebug.cons_vg[130], 0.4,
speedDebug.cons_vg[131], 0.4,
speedDebug.cons_vg[132], 0.4,
speedDebug.cons_vg[133], 0.4,
speedDebug.cons_vg[134], 0.4,
speedDebug.cons_vg[135], 0.4,
speedDebug.cons_vg[136], 0.4,
speedDebug.cons_vg[137], 0.4,
speedDebug.cons_vg[138], 0.4,
speedDebug.cons_vg[139], 0.4,
speedDebug.cons_vg[140], 0.4,
speedDebug.cons_vg[141], 0.4,
speedDebug.cons_vg[142], 0.4,
speedDebug.cons_vg[143], 0.4,
speedDebug.cons_vg[144], 0.4,
speedDebug.cons_vg[145], 0.4,
speedDebug.cons_vg[146], 0.4,
speedDebug.cons_vg[147], 0.4,
speedDebug.cons_vg[148], 0.4,
speedDebug.cons_vg[149], 0.4,
speedDebug.cons_vg[150], 0.4,
speedDebug.cons_vg[151], 0.4,
speedDebug.cons_vg[152], 0.4,
speedDebug.cons_vg[153], 0.4,
speedDebug.cons_vg[154], 0.4,
speedDebug.cons_vg[155], 0.4,
speedDebug.cons_vg[156], 0.4,
speedDebug.cons_vg[157], 0.4,
speedDebug.cons_vg[158], 0.4,
speedDebug.cons_vg[159], 0.4,
speedDebug.cons_vg[160], 0.4,
speedDebug.cons_vg[161], 0.4,
speedDebug.cons_vg[162], 0.4,
speedDebug.cons_vg[163], 0.4,
speedDebug.cons_vg[164], 0.4,
speedDebug.cons_vg[165], 0.4,
speedDebug.cons_vg[166], 0.4,
speedDebug.cons_vg[167], 0.4,
speedDebug.cons_vg[168], 0.4,
speedDebug.cons_vg[169], 0.4,
speedDebug.cons_vg[170], 0.4,
speedDebug.cons_vg[171], 0.4,
speedDebug.cons_vg[172], 0.4,
speedDebug.cons_vg[173], 0.4,
speedDebug.cons_vg[174], 0.4,
speedDebug.cons_vg[175], 0.4,
speedDebug.cons_vg[176], 0.4,
speedDebug.cons_vg[177], 0.4,
speedDebug.cons_vg[178], 0.4,
speedDebug.cons_vg[179], 0.4,
speedDebug.cons_vg[180], 0.4,
speedDebug.cons_vg[181], 0.4,
speedDebug.cons_vg[182], 0.4,
speedDebug.cons_vg[183], 0.4,
speedDebug.cons_vg[184], 0.4,
speedDebug.cons_vg[185], 0.4,
speedDebug.cons_vg[186], 0.4,
speedDebug.cons_vg[187], 0.4,
speedDebug.cons_vg[188], 0.4,
speedDebug.cons_vg[189], 0.4,
speedDebug.cons_vg[190], 0.4,
speedDebug.cons_vg[191], 0.4,
speedDebug.cons_vg[192], 0.4,
speedDebug.cons_vg[193], 0.4,
speedDebug.cons_vg[194], 0.4,
speedDebug.cons_vg[195], 0.4,
speedDebug.cons_vg[196], 0.4,
speedDebug.cons_vg[197], 0.4,
speedDebug.cons_vg[198], 0.4,
speedDebug.cons_vg[199], 0.4,
speedDebug.cons_vg[200], 0.4,
speedDebug.cons_vg[201], 0.4,
speedDebug.cons_vg[202], 0.4,
speedDebug.cons_vg[203], 0.4,
speedDebug.cons_vg[204], 0.4,
speedDebug.cons_vg[205], 0.4,
speedDebug.cons_vg[206], 0.4,
speedDebug.cons_vg[207], 0.4,
speedDebug.cons_vg[208], 0.4,
speedDebug.cons_vg[209], 0.4,
speedDebug.cons_vg[210], 0.4,
speedDebug.cons_vg[211], 0.4,
speedDebug.cons_vg[212], 0.4,
speedDebug.cons_vg[213], 0.4,
speedDebug.cons_vg[214], 0.4,
speedDebug.cons_vg[215], 0.4,
speedDebug.cons_vg[216], 0.4,
speedDebug.cons_vg[217], 0.4,
speedDebug.cons_vg[218], 0.4,
speedDebug.cons_vg[219], 0.4,
speedDebug.cons_vg[220], 0.4,
speedDebug.cons_vg[221], 0.4,
speedDebug.cons_vg[222], 0.4,
speedDebug.cons_vg[223], 0.4,
speedDebug.cons_vg[224], 0.4,
speedDebug.cons_vg[225], 0.4,
speedDebug.cons_vg[226], 0.4,
speedDebug.cons_vg[227], 0.4,
speedDebug.cons_vg[228], 0.4,
speedDebug.cons_vg[229], 0.4,
speedDebug.cons_vg[230], 0.4,
speedDebug.cons_vg[231], 0.4,
speedDebug.cons_vg[232], 0.4,
speedDebug.cons_vg[233], 0.4,
speedDebug.cons_vg[234], 0.4,
speedDebug.cons_vg[235], 0.4,
speedDebug.cons_vg[236], 0.4,
speedDebug.cons_vg[237], 0.4,
speedDebug.cons_vg[238], 0.4,
speedDebug.cons_vg[239], 0.4,
speedDebug.cons_vg[240], 0.4,
speedDebug.cons_vg[241], 0.4,
speedDebug.cons_vg[242], 0.4,
speedDebug.cons_vg[243], 0.4,
speedDebug.cons_vg[244], 0.4,
speedDebug.cons_vg[245], 0.4,
speedDebug.cons_vg[246], 0.4,
speedDebug.cons_vg[247], 0.4,
speedDebug.cons_vg[248], 0.4,
speedDebug.cons_vg[249], 0.4,
speedDebug.cons_vg[250], 0.4,
speedDebug.cons_vg[251], 0.4,
speedDebug.cons_vg[252], 0.0,
speedDebug.cons_vg[253], 0.0,
speedDebug.cons_vg[254], 0.0,
speedDebug.cons_vg[255], 0.0,
speedDebug.cons_vg[256], 0.0,
speedDebug.cons_vg[257], 0.0,
speedDebug.cons_vg[258], 0.0,
speedDebug.cons_vg[259], 0.0,
speedDebug.cons_vg[260], 0.0,
speedDebug.cons_vg[261], 0.0,
speedDebug.cons_vg[262], 0.0,
speedDebug.cons_vg[263], 0.0,
speedDebug.cons_vg[264], 0.0,
speedDebug.cons_vg[265], 0.0,
speedDebug.cons_vg[266], 0.0,
speedDebug.cons_vg[267], 0.0,
speedDebug.cons_vg[268], 0.0,
speedDebug.cons_vg[269], 0.0,
speedDebug.cons_vg[270], 0.0,
speedDebug.cons_vg[271], 0.0,
speedDebug.cons_vg[272], 0.0,
speedDebug.cons_vg[273], 0.0,
speedDebug.cons_vg[274], 0.0,
speedDebug.cons_vg[275], 0.0,
speedDebug.cons_vg[276], 0.0,
speedDebug.cons_vg[277], 0.0,
speedDebug.cons_vg[278], 0.0,
speedDebug.cons_vg[279], 0.0,
speedDebug.cons_vg[280], 0.0,
speedDebug.cons_vg[281], 0.0,
speedDebug.cons_vg[282], 0.0,
speedDebug.cons_vg[283], 0.0,
speedDebug.cons_vg[284], 0.0,
speedDebug.cons_vg[285], 0.0,
speedDebug.cons_vg[286], 0.0,
speedDebug.cons_vg[287], 0.0,
speedDebug.cons_vg[288], 0.0,
speedDebug.cons_vg[289], 0.0,
speedDebug.cons_vg[290], 0.0,
speedDebug.cons_vg[291], 0.0,
speedDebug.cons_vg[292], 0.0,
speedDebug.cons_vg[293], 0.0,
speedDebug.cons_vg[294], 0.0,
speedDebug.cons_vg[295], 0.0,
speedDebug.cons_vg[296], 0.0,
speedDebug.cons_vg[297], 0.0,
speedDebug.cons_vg[298], 0.0,
speedDebug.cons_vg[299], 0.0,
speedDebug.cons_vg[300], 0.0,
speedDebug.cons_vg[301], 0.0,
speedDebug.cons_vg[302], 0.0,
speedDebug.cons_vg[303], 0.0,
speedDebug.cons_vg[304], 0.0,
speedDebug.cons_vg[305], 0.0,
speedDebug.cons_vg[306], 0.0,
speedDebug.cons_vg[307], 0.0,
speedDebug.cons_vg[308], 0.0,
speedDebug.cons_vg[309], 0.0,
speedDebug.cons_vg[310], 0.0,
speedDebug.cons_vg[311], 0.0,
speedDebug.cons_vg[312], 0.0,
speedDebug.cons_vg[313], 0.0,
speedDebug.cons_vg[314], 0.0,
speedDebug.cons_vg[315], 0.0,
speedDebug.cons_vg[316], 0.0,
speedDebug.cons_vg[317], 0.0,
speedDebug.cons_vg[318], 0.0,
speedDebug.cons_vg[319], 0.0,
speedDebug.cons_vg[320], 0.0,
speedDebug.cons_vg[321], 0.0,
speedDebug.cons_vg[322], 0.0,
speedDebug.cons_vg[323], 0.0,
speedDebug.cons_vg[324], 0.0,
speedDebug.cons_vg[325], 0.0,
speedDebug.cons_vg[326], 0.0,
speedDebug.cons_vg[327], 0.0,
speedDebug.cons_vg[328], 0.0,
speedDebug.cons_vg[329], 0.0,
speedDebug.cons_vg[330], 0.0,
speedDebug.cons_vg[331], 0.0,
speedDebug.cons_vg[332], 0.0,
speedDebug.cons_vg[333], 0.0,
speedDebug.cons_vg[334], 0.0,
speedDebug.cons_vg[335], 0.0,
speedDebug.cons_vg[336], 0.0,
speedDebug.cons_vg[337], 0.0,
speedDebug.cons_vg[338], 0.0,
speedDebug.cons_vg[339], 0.0,
speedDebug.cons_vg[340], 0.0,
speedDebug.cons_vg[341], 0.0,
speedDebug.cons_vg[342], 0.0,
speedDebug.cons_vg[343], 0.0,
speedDebug.cons_vg[344], 0.0,
speedDebug.cons_vg[345], 0.0,
speedDebug.cons_vg[346], 0.0,
speedDebug.cons_vg[347], 0.0,
speedDebug.cons_vg[348], 0.0,
speedDebug.cons_vg[349], 0.0,
speedDebug.cons_vg[350], 0.0,
speedDebug.cons_vg[351], 0.0,
speedDebug.cons_vg[352], 0.0,
speedDebug.cons_vg[353], 0.0,
speedDebug.cons_vg[354], 0.0,
speedDebug.cons_vg[355], 0.0,
speedDebug.cons_vg[356], 0.0,
speedDebug.cons_vg[357], 0.0,
speedDebug.cons_vg[358], 0.0,
speedDebug.cons_vg[359], 0.0,
speedDebug.cons_vg[360], 0.0,
speedDebug.cons_vg[361], 0.0,
speedDebug.cons_vg[362], 0.0,
speedDebug.cons_vg[363], 0.0,
speedDebug.cons_vg[364], 0.0,
speedDebug.cons_vg[365], 0.0,
speedDebug.cons_vg[366], 0.0,
speedDebug.cons_vg[367], 0.0,
speedDebug.cons_vg[368], 0.0,
speedDebug.cons_vg[369], 0.0,
speedDebug.cons_vg[370], 0.0,
speedDebug.cons_vg[371], 0.0,
speedDebug.cons_vg[372], 0.0,
speedDebug.cons_vg[373], 0.0,
speedDebug.cons_vg[374], 0.0,
speedDebug.cons_vg[375], 0.0,
speedDebug.cons_vg[376], 0.0,
speedDebug.cons_vg[377], 0.0,
speedDebug.cons_vg[378], 0.0,
speedDebug.cons_vg[379], 0.0,
speedDebug.cons_vg[380], 0.0,
speedDebug.cons_vg[381], 0.0,
speedDebug.cons_vg[382], 0.0,
speedDebug.cons_vg[383], 0.0,
speedDebug.cons_vg[384], 0.0,
speedDebug.cons_vg[385], 0.0,
speedDebug.cons_vg[386], 0.0,
speedDebug.cons_vg[387], 0.0,
speedDebug.cons_vg[388], 0.0,
speedDebug.cons_vg[389], 0.0,
speedDebug.cons_vg[390], 0.0,
speedDebug.cons_vg[391], 0.0,
speedDebug.cons_vg[392], 0.0,
speedDebug.cons_vg[393], 0.0,
speedDebug.cons_vg[394], 0.0,
speedDebug.cons_vg[395], 0.0,
speedDebug.cons_vg[396], 0.0,
speedDebug.cons_vg[397], 0.0,
speedDebug.cons_vg[398], 0.0,
speedDebug.cons_vg[399], 0.0,
speedDebug.cons_vd[0], 0.3,
speedDebug.cons_vd[1], 0.3,
speedDebug.cons_vd[2], 0.3,
speedDebug.cons_vd[3], 0.3,
speedDebug.cons_vd[4], 0.3,
speedDebug.cons_vd[5], 0.3,
speedDebug.cons_vd[6], 0.3,
speedDebug.cons_vd[7], 0.3,
speedDebug.cons_vd[8], 0.3,
speedDebug.cons_vd[9], 0.3,
speedDebug.cons_vd[10], 0.3,
speedDebug.cons_vd[11], 0.3,
speedDebug.cons_vd[12], 0.3,
speedDebug.cons_vd[13], 0.3,
speedDebug.cons_vd[14], 0.3,
speedDebug.cons_vd[15], 0.3,
speedDebug.cons_vd[16], 0.3,
speedDebug.cons_vd[17], 0.3,
speedDebug.cons_vd[18], 0.3,
speedDebug.cons_vd[19], 0.3,
speedDebug.cons_vd[20], 0.3,
speedDebug.cons_vd[21], 0.3,
speedDebug.cons_vd[22], 0.3,
speedDebug.cons_vd[23], 0.3,
speedDebug.cons_vd[24], 0.3,
speedDebug.cons_vd[25], 0.3,
speedDebug.cons_vd[26], 0.3,
speedDebug.cons_vd[27], 0.3,
speedDebug.cons_vd[28], 0.3,
speedDebug.cons_vd[29], 0.3,
speedDebug.cons_vd[30], 0.3,
speedDebug.cons_vd[31], 0.3,
speedDebug.cons_vd[32], 0.3,
speedDebug.cons_vd[33], 0.3,
speedDebug.cons_vd[34], 0.3,
speedDebug.cons_vd[35], 0.3,
speedDebug.cons_vd[36], 0.3,
speedDebug.cons_vd[37], 0.3,
speedDebug.cons_vd[38], 0.3,
speedDebug.cons_vd[39], 0.3,
speedDebug.cons_vd[40], 0.3,
speedDebug.cons_vd[41], 0.3,
speedDebug.cons_vd[42], 0.4,
speedDebug.cons_vd[43], 0.4,
speedDebug.cons_vd[44], 0.4,
speedDebug.cons_vd[45], 0.4,
speedDebug.cons_vd[46], 0.4,
speedDebug.cons_vd[47], 0.4,
speedDebug.cons_vd[48], 0.4,
speedDebug.cons_vd[49], 0.4,
speedDebug.cons_vd[50], 0.4,
speedDebug.cons_vd[51], 0.4,
speedDebug.cons_vd[52], 0.4,
speedDebug.cons_vd[53], 0.4,
speedDebug.cons_vd[54], 0.4,
speedDebug.cons_vd[55], 0.4,
speedDebug.cons_vd[56], 0.4,
speedDebug.cons_vd[57], 0.4,
speedDebug.cons_vd[58], 0.4,
speedDebug.cons_vd[59], 0.4,
speedDebug.cons_vd[60], 0.4,
speedDebug.cons_vd[61], 0.4,
speedDebug.cons_vd[62], 0.4,
speedDebug.cons_vd[63], 0.4,
speedDebug.cons_vd[64], 0.4,
speedDebug.cons_vd[65], 0.4,
speedDebug.cons_vd[66], 0.4,
speedDebug.cons_vd[67], 0.4,
speedDebug.cons_vd[68], 0.4,
speedDebug.cons_vd[69], 0.4,
speedDebug.cons_vd[70], 0.4,
speedDebug.cons_vd[71], 0.4,
speedDebug.cons_vd[72], 0.4,
speedDebug.cons_vd[73], 0.4,
speedDebug.cons_vd[74], 0.4,
speedDebug.cons_vd[75], 0.4,
speedDebug.cons_vd[76], 0.4,
speedDebug.cons_vd[77], 0.4,
speedDebug.cons_vd[78], 0.4,
speedDebug.cons_vd[79], 0.4,
speedDebug.cons_vd[80], 0.4,
speedDebug.cons_vd[81], 0.4,
speedDebug.cons_vd[82], 0.4,
speedDebug.cons_vd[83], 0.4,
speedDebug.cons_vd[84], 0.4,
speedDebug.cons_vd[85], 0.4,
speedDebug.cons_vd[86], 0.4,
speedDebug.cons_vd[87], 0.4,
speedDebug.cons_vd[88], 0.4,
speedDebug.cons_vd[89], 0.4,
speedDebug.cons_vd[90], 0.4,
speedDebug.cons_vd[91], 0.4,
speedDebug.cons_vd[92], 0.4,
speedDebug.cons_vd[93], 0.4,
speedDebug.cons_vd[94], 0.4,
speedDebug.cons_vd[95], 0.4,
speedDebug.cons_vd[96], 0.4,
speedDebug.cons_vd[97], 0.4,
speedDebug.cons_vd[98], 0.4,
speedDebug.cons_vd[99], 0.4,
speedDebug.cons_vd[100], 0.4,
speedDebug.cons_vd[101], 0.4,
speedDebug.cons_vd[102], 0.4,
speedDebug.cons_vd[103], 0.4,
speedDebug.cons_vd[104], 0.4,
speedDebug.cons_vd[105], 0.4,
speedDebug.cons_vd[106], 0.4,
speedDebug.cons_vd[107], 0.4,
speedDebug.cons_vd[108], 0.4,
speedDebug.cons_vd[109], 0.4,
speedDebug.cons_vd[110], 0.4,
speedDebug.cons_vd[111], 0.4,
speedDebug.cons_vd[112], 0.4,
speedDebug.cons_vd[113], 0.4,
speedDebug.cons_vd[114], 0.4,
speedDebug.cons_vd[115], 0.4,
speedDebug.cons_vd[116], 0.4,
speedDebug.cons_vd[117], 0.4,
speedDebug.cons_vd[118], 0.4,
speedDebug.cons_vd[119], 0.4,
speedDebug.cons_vd[120], 0.4,
speedDebug.cons_vd[121], 0.4,
speedDebug.cons_vd[122], 0.4,
speedDebug.cons_vd[123], 0.4,
speedDebug.cons_vd[124], 0.4,
speedDebug.cons_vd[125], 0.4,
speedDebug.cons_vd[126], 0.4,
speedDebug.cons_vd[127], 0.4,
speedDebug.cons_vd[128], 0.4,
speedDebug.cons_vd[129], 0.4,
speedDebug.cons_vd[130], 0.4,
speedDebug.cons_vd[131], 0.4,
speedDebug.cons_vd[132], 0.4,
speedDebug.cons_vd[133], 0.4,
speedDebug.cons_vd[134], 0.4,
speedDebug.cons_vd[135], 0.4,
speedDebug.cons_vd[136], 0.4,
speedDebug.cons_vd[137], 0.4,
speedDebug.cons_vd[138], 0.4,
speedDebug.cons_vd[139], 0.4,
speedDebug.cons_vd[140], 0.4,
speedDebug.cons_vd[141], 0.4,
speedDebug.cons_vd[142], 0.4,
speedDebug.cons_vd[143], 0.4,
speedDebug.cons_vd[144], 0.4,
speedDebug.cons_vd[145], 0.4,
speedDebug.cons_vd[146], 0.4,
speedDebug.cons_vd[147], 0.4,
speedDebug.cons_vd[148], 0.4,
speedDebug.cons_vd[149], 0.4,
speedDebug.cons_vd[150], 0.4,
speedDebug.cons_vd[151], 0.4,
speedDebug.cons_vd[152], 0.4,
speedDebug.cons_vd[153], 0.4,
speedDebug.cons_vd[154], 0.4,
speedDebug.cons_vd[155], 0.4,
speedDebug.cons_vd[156], 0.4,
speedDebug.cons_vd[157], 0.4,
speedDebug.cons_vd[158], 0.4,
speedDebug.cons_vd[159], 0.4,
speedDebug.cons_vd[160], 0.4,
speedDebug.cons_vd[161], 0.4,
speedDebug.cons_vd[162], 0.4,
speedDebug.cons_vd[163], 0.4,
speedDebug.cons_vd[164], 0.4,
speedDebug.cons_vd[165], 0.4,
speedDebug.cons_vd[166], 0.4,
speedDebug.cons_vd[167], 0.4,
speedDebug.cons_vd[168], 0.4,
speedDebug.cons_vd[169], 0.4,
speedDebug.cons_vd[170], 0.4,
speedDebug.cons_vd[171], 0.4,
speedDebug.cons_vd[172], 0.4,
speedDebug.cons_vd[173], 0.4,
speedDebug.cons_vd[174], 0.4,
speedDebug.cons_vd[175], 0.4,
speedDebug.cons_vd[176], 0.4,
speedDebug.cons_vd[177], 0.4,
speedDebug.cons_vd[178], 0.4,
speedDebug.cons_vd[179], 0.4,
speedDebug.cons_vd[180], 0.4,
speedDebug.cons_vd[181], 0.4,
speedDebug.cons_vd[182], 0.4,
speedDebug.cons_vd[183], 0.4,
speedDebug.cons_vd[184], 0.4,
speedDebug.cons_vd[185], 0.4,
speedDebug.cons_vd[186], 0.4,
speedDebug.cons_vd[187], 0.4,
speedDebug.cons_vd[188], 0.4,
speedDebug.cons_vd[189], 0.4,
speedDebug.cons_vd[190], 0.4,
speedDebug.cons_vd[191], 0.4,
speedDebug.cons_vd[192], 0.4,
speedDebug.cons_vd[193], 0.4,
speedDebug.cons_vd[194], 0.4,
speedDebug.cons_vd[195], 0.4,
speedDebug.cons_vd[196], 0.4,
speedDebug.cons_vd[197], 0.4,
speedDebug.cons_vd[198], 0.4,
speedDebug.cons_vd[199], 0.4,
speedDebug.cons_vd[200], 0.4,
speedDebug.cons_vd[201], 0.4,
speedDebug.cons_vd[202], 0.4,
speedDebug.cons_vd[203], 0.4,
speedDebug.cons_vd[204], 0.4,
speedDebug.cons_vd[205], 0.4,
speedDebug.cons_vd[206], 0.4,
speedDebug.cons_vd[207], 0.4,
speedDebug.cons_vd[208], 0.4,
speedDebug.cons_vd[209], 0.4,
speedDebug.cons_vd[210], 0.4,
speedDebug.cons_vd[211], 0.4,
speedDebug.cons_vd[212], 0.4,
speedDebug.cons_vd[213], 0.4,
speedDebug.cons_vd[214], 0.4,
speedDebug.cons_vd[215], 0.4,
speedDebug.cons_vd[216], 0.4,
speedDebug.cons_vd[217], 0.4,
speedDebug.cons_vd[218], 0.4,
speedDebug.cons_vd[219], 0.4,
speedDebug.cons_vd[220], 0.4,
speedDebug.cons_vd[221], 0.4,
speedDebug.cons_vd[222], 0.4,
speedDebug.cons_vd[223], 0.4,
speedDebug.cons_vd[224], 0.4,
speedDebug.cons_vd[225], 0.4,
speedDebug.cons_vd[226], 0.4,
speedDebug.cons_vd[227], 0.4,
speedDebug.cons_vd[228], 0.4,
speedDebug.cons_vd[229], 0.4,
speedDebug.cons_vd[230], 0.4,
speedDebug.cons_vd[231], 0.4,
speedDebug.cons_vd[232], 0.4,
speedDebug.cons_vd[233], 0.4,
speedDebug.cons_vd[234], 0.4,
speedDebug.cons_vd[235], 0.4,
speedDebug.cons_vd[236], 0.4,
speedDebug.cons_vd[237], 0.4,
speedDebug.cons_vd[238], 0.4,
speedDebug.cons_vd[239], 0.4,
speedDebug.cons_vd[240], 0.4,
speedDebug.cons_vd[241], 0.4,
speedDebug.cons_vd[242], 0.4,
speedDebug.cons_vd[243], 0.4,
speedDebug.cons_vd[244], 0.4,
speedDebug.cons_vd[245], 0.4,
speedDebug.cons_vd[246], 0.4,
speedDebug.cons_vd[247], 0.4,
speedDebug.cons_vd[248], 0.4,
speedDebug.cons_vd[249], 0.4,
speedDebug.cons_vd[250], 0.4,
speedDebug.cons_vd[251], 0.4,
speedDebug.cons_vd[252], 0.0,
speedDebug.cons_vd[253], 0.0,
speedDebug.cons_vd[254], 0.0,
speedDebug.cons_vd[255], 0.0,
speedDebug.cons_vd[256], 0.0,
speedDebug.cons_vd[257], 0.0,
speedDebug.cons_vd[258], 0.0,
speedDebug.cons_vd[259], 0.0,
speedDebug.cons_vd[260], 0.0,
speedDebug.cons_vd[261], 0.0,
speedDebug.cons_vd[262], 0.0,
speedDebug.cons_vd[263], 0.0,
speedDebug.cons_vd[264], 0.0,
speedDebug.cons_vd[265], 0.0,
speedDebug.cons_vd[266], 0.0,
speedDebug.cons_vd[267], 0.0,
speedDebug.cons_vd[268], 0.0,
speedDebug.cons_vd[269], 0.0,
speedDebug.cons_vd[270], 0.0,
speedDebug.cons_vd[271], 0.0,
speedDebug.cons_vd[272], 0.0,
speedDebug.cons_vd[273], 0.0,
speedDebug.cons_vd[274], 0.0,
speedDebug.cons_vd[275], 0.0,
speedDebug.cons_vd[276], 0.0,
speedDebug.cons_vd[277], 0.0,
speedDebug.cons_vd[278], 0.0,
speedDebug.cons_vd[279], 0.0,
speedDebug.cons_vd[280], 0.0,
speedDebug.cons_vd[281], 0.0,
speedDebug.cons_vd[282], 0.0,
speedDebug.cons_vd[283], 0.0,
speedDebug.cons_vd[284], 0.0,
speedDebug.cons_vd[285], 0.0,
speedDebug.cons_vd[286], 0.0,
speedDebug.cons_vd[287], 0.0,
speedDebug.cons_vd[288], 0.0,
speedDebug.cons_vd[289], 0.0,
speedDebug.cons_vd[290], 0.0,
speedDebug.cons_vd[291], 0.0,
speedDebug.cons_vd[292], 0.0,
speedDebug.cons_vd[293], 0.0,
speedDebug.cons_vd[294], 0.0,
speedDebug.cons_vd[295], 0.0,
speedDebug.cons_vd[296], 0.0,
speedDebug.cons_vd[297], 0.0,
speedDebug.cons_vd[298], 0.0,
speedDebug.cons_vd[299], 0.0,
speedDebug.cons_vd[300], 0.0,
speedDebug.cons_vd[301], 0.0,
speedDebug.cons_vd[302], 0.0,
speedDebug.cons_vd[303], 0.0,
speedDebug.cons_vd[304], 0.0,
speedDebug.cons_vd[305], 0.0,
speedDebug.cons_vd[306], 0.0,
speedDebug.cons_vd[307], 0.0,
speedDebug.cons_vd[308], 0.0,
speedDebug.cons_vd[309], 0.0,
speedDebug.cons_vd[310], 0.0,
speedDebug.cons_vd[311], 0.0,
speedDebug.cons_vd[312], 0.0,
speedDebug.cons_vd[313], 0.0,
speedDebug.cons_vd[314], 0.0,
speedDebug.cons_vd[315], 0.0,
speedDebug.cons_vd[316], 0.0,
speedDebug.cons_vd[317], 0.0,
speedDebug.cons_vd[318], 0.0,
speedDebug.cons_vd[319], 0.0,
speedDebug.cons_vd[320], 0.0,
speedDebug.cons_vd[321], 0.0,
speedDebug.cons_vd[322], 0.0,
speedDebug.cons_vd[323], 0.0,
speedDebug.cons_vd[324], 0.0,
speedDebug.cons_vd[325], 0.0,
speedDebug.cons_vd[326], 0.0,
speedDebug.cons_vd[327], 0.0,
speedDebug.cons_vd[328], 0.0,
speedDebug.cons_vd[329], 0.0,
speedDebug.cons_vd[330], 0.0,
speedDebug.cons_vd[331], 0.0,
speedDebug.cons_vd[332], 0.0,
speedDebug.cons_vd[333], 0.0,
speedDebug.cons_vd[334], 0.0,
speedDebug.cons_vd[335], 0.0,
speedDebug.cons_vd[336], 0.0,
speedDebug.cons_vd[337], 0.0,
speedDebug.cons_vd[338], 0.0,
speedDebug.cons_vd[339], 0.0,
speedDebug.cons_vd[340], 0.0,
speedDebug.cons_vd[341], 0.0,
speedDebug.cons_vd[342], 0.0,
speedDebug.cons_vd[343], 0.0,
speedDebug.cons_vd[344], 0.0,
speedDebug.cons_vd[345], 0.0,
speedDebug.cons_vd[346], 0.0,
speedDebug.cons_vd[347], 0.0,
speedDebug.cons_vd[348], 0.0,
speedDebug.cons_vd[349], 0.0,
speedDebug.cons_vd[350], 0.0,
speedDebug.cons_vd[351], 0.0,
speedDebug.cons_vd[352], 0.0,
speedDebug.cons_vd[353], 0.0,
speedDebug.cons_vd[354], 0.0,
speedDebug.cons_vd[355], 0.0,
speedDebug.cons_vd[356], 0.0,
speedDebug.cons_vd[357], 0.0,
speedDebug.cons_vd[358], 0.0,
speedDebug.cons_vd[359], 0.0,
speedDebug.cons_vd[360], 0.0,
speedDebug.cons_vd[361], 0.0,
speedDebug.cons_vd[362], 0.0,
speedDebug.cons_vd[363], 0.0,
speedDebug.cons_vd[364], 0.0,
speedDebug.cons_vd[365], 0.0,
speedDebug.cons_vd[366], 0.0,
speedDebug.cons_vd[367], 0.0,
speedDebug.cons_vd[368], 0.0,
speedDebug.cons_vd[369], 0.0,
speedDebug.cons_vd[370], 0.0,
speedDebug.cons_vd[371], 0.0,
speedDebug.cons_vd[372], 0.0,
speedDebug.cons_vd[373], 0.0,
speedDebug.cons_vd[374], 0.0,
speedDebug.cons_vd[375], 0.0,
speedDebug.cons_vd[376], 0.0,
speedDebug.cons_vd[377], 0.0,
speedDebug.cons_vd[378], 0.0,
speedDebug.cons_vd[379], 0.0,
speedDebug.cons_vd[380], 0.0,
speedDebug.cons_vd[381], 0.0,
speedDebug.cons_vd[382], 0.0,
speedDebug.cons_vd[383], 0.0,
speedDebug.cons_vd[384], 0.0,
speedDebug.cons_vd[385], 0.0,
speedDebug.cons_vd[386], 0.0,
speedDebug.cons_vd[387], 0.0,
speedDebug.cons_vd[388], 0.0,
speedDebug.cons_vd[389], 0.0,
speedDebug.cons_vd[390], 0.0,
speedDebug.cons_vd[391], 0.0,
speedDebug.cons_vd[392], 0.0,
speedDebug.cons_vd[393], 0.0,
speedDebug.cons_vd[394], 0.0,
speedDebug.cons_vd[395], 0.0,
speedDebug.cons_vd[396], 0.0,
speedDebug.cons_vd[397], 0.0,
speedDebug.cons_vd[398], 0.0,
speedDebug.cons_vd[399], 0.0,
