speedDebug.vt[0], -0.013310545,
speedDebug.vt[1], 0.0,
speedDebug.vt[2], 0.0,
speedDebug.vt[3], 0.0,
speedDebug.vt[4], 0.0,
speedDebug.vt[5], 0.0,
speedDebug.vt[6], 0.0,
speedDebug.vt[7], 0.0,
speedDebug.vt[8], 0.0,
speedDebug.vt[9], 0.0,
speedDebug.vt[10], 0.0,
speedDebug.vt[11], 0.0,
speedDebug.vt[12], 0.0,
speedDebug.vt[13], 0.0,
speedDebug.vt[14], 0.0,
speedDebug.vt[15], 0.0,
speedDebug.vt[16], 0.0,
speedDebug.vt[17], 0.0,
speedDebug.vt[18], 0.0,
speedDebug.vt[19], 0.0,
speedDebug.vt[20], 0.0,
speedDebug.vt[21], 0.0,
speedDebug.vt[22], 0.0,
speedDebug.vt[23], 0.0,
speedDebug.vt[24], 0.0,
speedDebug.vt[25], 0.0,
speedDebug.vt[26], 0.0,
speedDebug.vt[27], 0.0,
speedDebug.vt[28], 0.0,
speedDebug.vt[29], 0.0,
speedDebug.vt[30], 0.0,
speedDebug.vt[31], 0.0,
speedDebug.vt[32], 0.0,
speedDebug.vt[33], 0.0,
speedDebug.vt[34], 0.0,
speedDebug.vt[35], 0.0,
speedDebug.vt[36], 0.0,
speedDebug.vt[37], 0.0,
speedDebug.vt[38], 0.013310545,
speedDebug.vt[39], 0.0,
speedDebug.vt[40], 0.0,
speedDebug.vt[41], 0.0,
speedDebug.vt[42], 0.02662109,
speedDebug.vt[43], 0.06655273,
speedDebug.vt[44], 0.07986327,
speedDebug.vt[45], 0.10648436,
speedDebug.vt[46], 0.15972655,
speedDebug.vt[47], 0.15972655,
speedDebug.vt[48], 0.18634763,
speedDebug.vt[49], 0.18634763,
speedDebug.vt[50], 0.19965817,
speedDebug.vt[51], 0.21296872,
speedDebug.vt[52], 0.22627929,
speedDebug.vt[53], 0.23958981,
speedDebug.vt[54], 0.2662109,
speedDebug.vt[55], 0.2662109,
speedDebug.vt[56], 0.29283202,
speedDebug.vt[57], 0.3194531,
speedDebug.vt[58], 0.35938472,
speedDebug.vt[59], 0.35938472,
speedDebug.vt[60], 0.38600582,
speedDebug.vt[61], 0.4126269,
speedDebug.vt[62], 0.42593744,
speedDebug.vt[63], 0.45255858,
speedDebug.vt[64], 0.46586913,
speedDebug.vt[65], 0.47917962,
speedDebug.vt[66], 0.47917962,
speedDebug.vt[67], 0.47917962,
speedDebug.vt[68], 0.5058007,
speedDebug.vt[69], 0.49249017,
speedDebug.vt[70], 0.5058007,
speedDebug.vt[71], 0.5324218,
speedDebug.vt[72], 0.5191113,
speedDebug.vt[73], 0.5324218,
speedDebug.vt[74], 0.5723535,
speedDebug.vt[75], 0.55904293,
speedDebug.vt[76], 0.5989746,
speedDebug.vt[77], 0.5723535,
speedDebug.vt[78], 0.58566403,
speedDebug.vt[79], 0.6122851,
speedDebug.vt[80], 0.5989746,
speedDebug.vt[81], 0.6122851,
speedDebug.vt[82], 0.6255956,
speedDebug.vt[83], 0.6389062,
speedDebug.vt[84], 0.65221673,
speedDebug.vt[85], 0.67883784,
speedDebug.vt[86], 0.71876943,
speedDebug.vt[87], 0.7054589,
speedDebug.vt[88], 0.71876943,
speedDebug.vt[89], 0.71876943,
speedDebug.vt[90], 0.6921483,
speedDebug.vt[91], 0.74539053,
speedDebug.vt[92], 0.71876943,
speedDebug.vt[93], 0.7054589,
speedDebug.vt[94], 0.77201164,
speedDebug.vt[95], 0.77201164,
speedDebug.vt[96], 0.81194323,
speedDebug.vt[97], 0.81194323,
speedDebug.vt[98], 0.7986327,
speedDebug.vt[99], 0.7986327,
speedDebug.vt[100], 0.7986327,
speedDebug.vt[101], 0.78532225,
speedDebug.vt[102], 0.78532225,
speedDebug.vt[103], 0.7986327,
speedDebug.vt[104], 0.8252538,
speedDebug.vt[105], 0.8252538,
speedDebug.vt[106], 0.86518544,
speedDebug.vt[107], 0.8518749,
speedDebug.vt[108], 0.8518749,
speedDebug.vt[109], 0.86518544,
speedDebug.vt[110], 0.83856434,
speedDebug.vt[111], 0.86518544,
speedDebug.vt[112], 0.87849605,
speedDebug.vt[113], 0.90511715,
speedDebug.vt[114], 0.90511715,
speedDebug.vt[115], 0.9184277,
speedDebug.vt[116], 0.93173826,
speedDebug.vt[117], 0.9450487,
speedDebug.vt[118], 0.98498034,
speedDebug.vt[119], 0.99829096,
speedDebug.vt[120], 0.98498034,
speedDebug.vt[121], 0.99829096,
speedDebug.vt[122], 0.98498034,
speedDebug.vt[123], 0.99829096,
speedDebug.vt[124], 1.024912,
speedDebug.vt[125], 1.024912,
speedDebug.vt[126], 1.0648437,
speedDebug.vt[127], 1.0914648,
speedDebug.vt[128], 1.0914648,
speedDebug.vt[129], 1.0914648,
speedDebug.vt[130], 1.0914648,
speedDebug.vt[131], 1.1047753,
speedDebug.vt[132], 1.144707,
speedDebug.vt[133], 1.1580175,
speedDebug.vt[134], 1.1313964,
speedDebug.vt[135], 1.1580175,
speedDebug.vt[136], 1.1580175,
speedDebug.vt[137], 1.1713281,
speedDebug.vt[138], 1.1979492,
speedDebug.vt[139], 1.1846386,
speedDebug.vt[140], 1.1846386,
speedDebug.vt[141], 1.1979492,
speedDebug.vt[142], 1.2112597,
speedDebug.vt[143], 1.2778124,
speedDebug.vt[144], 1.2778124,
speedDebug.vt[145], 1.2645018,
speedDebug.vt[146], 1.2645018,
speedDebug.vt[147], 1.2911229,
speedDebug.vt[148], 1.2911229,
speedDebug.vt[149], 1.3044335,
speedDebug.vt[150], 1.3044335,
speedDebug.vt[151], 1.2911229,
speedDebug.vt[152], 1.3044335,
speedDebug.vt[153], 1.317744,
speedDebug.vt[154], 1.3443651,
speedDebug.vt[155], 1.3709861,
speedDebug.vt[156], 1.3842967,
speedDebug.vt[157], 1.3576757,
speedDebug.vt[158], 1.3976072,
speedDebug.vt[159], 1.3709861,
speedDebug.vt[160], 1.3842967,
speedDebug.vt[161], 1.3976072,
speedDebug.vt[162], 1.3976072,
speedDebug.vt[163], 1.4242282,
speedDebug.vt[164], 1.4242282,
speedDebug.vt[165], 1.46416,
speedDebug.vt[166], 1.4375389,
speedDebug.vt[167], 1.4508495,
speedDebug.vt[168], 1.4907811,
speedDebug.vt[169], 1.46416,
speedDebug.vt[170], 1.46416,
speedDebug.vt[171], 1.46416,
speedDebug.vt[172], 1.4907811,
speedDebug.vt[173], 1.4907811,
speedDebug.vt[174], 1.5040916,
speedDebug.vt[175], 1.5174022,
speedDebug.vt[176], 1.5440233,
speedDebug.vt[177], 1.557334,
speedDebug.vt[178], 1.5440233,
speedDebug.vt[179], 1.557334,
speedDebug.vt[180], 1.5440233,
speedDebug.vt[181], 1.5839549,
speedDebug.vt[182], 1.6238865,
speedDebug.vt[183], 1.6505076,
speedDebug.vt[184], 1.6238865,
speedDebug.vt[185], 1.5972654,
speedDebug.vt[186], 1.5839549,
speedDebug.vt[187], 1.610576,
speedDebug.vt[188], 1.557334,
speedDebug.vt[189], 1.5972654,
speedDebug.vt[190], 1.6505076,
speedDebug.vt[191], 1.7037498,
speedDebug.vt[192], 1.6638182,
speedDebug.vt[193], 1.6238865,
speedDebug.vt[194], 1.6638182,
speedDebug.vt[195], 1.6771287,
speedDebug.vt[196], 1.6771287,
speedDebug.vt[197], 1.6238865,
speedDebug.vt[198], 1.5972654,
speedDebug.vt[199], 1.6505076,
speedDebug.vt[200], 1.6904392,
speedDebug.vt[201], 1.6371969,
speedDebug.vt[202], 1.6371969,
speedDebug.vt[203], 1.6771287,
speedDebug.vt[204], 1.6238865,
speedDebug.vt[205], 1.6505076,
speedDebug.vt[206], 1.6371969,
speedDebug.vt[207], 1.610576,
speedDebug.vt[208], 1.5972654,
speedDebug.vt[209], 1.6371969,
speedDebug.vt[210], 1.6371969,
speedDebug.vt[211], 1.5972654,
speedDebug.vt[212], 1.5440233,
speedDebug.vt[213], 1.5972654,
speedDebug.vt[214], 1.5706445,
speedDebug.vt[215], 1.5706445,
speedDebug.vt[216], 1.557334,
speedDebug.vt[217], 1.5706445,
speedDebug.vt[218], 1.5972654,
speedDebug.vt[219], 1.5839549,
speedDebug.vt[220], 1.5307126,
speedDebug.vt[221], 1.5440233,
speedDebug.vt[222], 1.5839549,
speedDebug.vt[223], 1.557334,
speedDebug.vt[224], 1.5839549,
speedDebug.vt[225], 1.5839549,
speedDebug.vt[226], 1.5839549,
speedDebug.vt[227], 1.557334,
speedDebug.vt[228], 1.5440233,
speedDebug.vt[229], 1.557334,
speedDebug.vt[230], 1.557334,
speedDebug.vt[231], 1.5440233,
speedDebug.vt[232], 1.5839549,
speedDebug.vt[233], 1.5706445,
speedDebug.vt[234], 1.5706445,
speedDebug.vt[235], 1.5307126,
speedDebug.vt[236], 1.557334,
speedDebug.vt[237], 1.5839549,
speedDebug.vt[238], 1.557334,
speedDebug.vt[239], 1.5972654,
speedDebug.vt[240], 1.610576,
speedDebug.vt[241], 1.6371969,
speedDebug.vt[242], 1.5839549,
speedDebug.vt[243], 1.557334,
speedDebug.vt[244], 1.5839549,
speedDebug.vt[245], 1.5706445,
speedDebug.vt[246], 1.5839549,
speedDebug.vt[247], 1.6371969,
speedDebug.vt[248], 1.6771287,
speedDebug.vt[249], 1.6638182,
speedDebug.vt[250], 1.6638182,
speedDebug.vt[251], 1.7303709,
speedDebug.vt[252], 1.6904392,
speedDebug.vt[253], 1.6638182,
speedDebug.vt[254], 1.6505076,
speedDebug.vt[255], 1.6771287,
speedDebug.vt[256], 1.6638182,
speedDebug.vt[257], 1.610576,
speedDebug.vt[258], 1.610576,
speedDebug.vt[259], 1.6505076,
speedDebug.vt[260], 1.6505076,
speedDebug.vt[261], 1.6371969,
speedDebug.vt[262], 1.610576,
speedDebug.vt[263], 1.5972654,
speedDebug.vt[264], 1.6371969,
speedDebug.vt[265], 1.6771287,
speedDebug.vt[266], 1.6505076,
speedDebug.vt[267], 1.6238865,
speedDebug.vt[268], 1.6505076,
speedDebug.vt[269], 1.6505076,
speedDebug.vt[270], 1.610576,
speedDebug.vt[271], 1.6238865,
speedDebug.vt[272], 1.5839549,
speedDebug.vt[273], 1.5706445,
speedDebug.vt[274], 1.5706445,
speedDebug.vt[275], 1.5839549,
speedDebug.vt[276], 1.5706445,
speedDebug.vt[277], 1.5440233,
speedDebug.vt[278], 1.5307126,
speedDebug.vt[279], 1.5972654,
speedDebug.vt[280], 1.6371969,
speedDebug.vt[281], 1.6238865,
speedDebug.vt[282], 1.610576,
speedDebug.vt[283], 1.610576,
speedDebug.vt[284], 1.5972654,
speedDebug.vt[285], 1.5972654,
speedDebug.vt[286], 1.5972654,
speedDebug.vt[287], 1.5839549,
speedDebug.vt[288], 1.5972654,
speedDebug.vt[289], 1.5706445,
speedDebug.vt[290], 1.6371969,
speedDebug.vt[291], 1.610576,
speedDebug.vt[292], 1.5706445,
speedDebug.vt[293], 1.5440233,
speedDebug.vt[294], 1.5972654,
speedDebug.vt[295], 1.6238865,
speedDebug.vt[296], 1.610576,
speedDebug.vt[297], 1.5972654,
speedDebug.vt[298], 1.6238865,
speedDebug.vt[299], 1.6771287,
speedDebug.vt[300], 1.6904392,
speedDebug.vt[301], 1.6904392,
speedDebug.vt[302], 1.6904392,
speedDebug.vt[303], 1.610576,
speedDebug.vt[304], 1.557334,
speedDebug.vt[305], 1.6238865,
speedDebug.vt[306], 1.610576,
speedDebug.vt[307], 1.5706445,
speedDebug.vt[308], 1.5706445,
speedDebug.vt[309], 1.6638182,
speedDebug.vt[310], 1.6638182,
speedDebug.vt[311], 1.5972654,
speedDebug.vt[312], 1.610576,
speedDebug.vt[313], 1.6371969,
speedDebug.vt[314], 1.6638182,
speedDebug.vt[315], 1.610576,
speedDebug.vt[316], 1.5972654,
speedDebug.vt[317], 1.610576,
speedDebug.vt[318], 1.6238865,
speedDebug.vt[319], 1.5972654,
speedDebug.vt[320], 1.6238865,
speedDebug.vt[321], 1.5972654,
speedDebug.vt[322], 1.5839549,
speedDebug.vt[323], 1.5839549,
speedDebug.vt[324], 1.5972654,
speedDebug.vt[325], 1.5706445,
speedDebug.vt[326], 1.557334,
speedDebug.vt[327], 1.557334,
speedDebug.vt[328], 1.557334,
speedDebug.vt[329], 1.5972654,
speedDebug.vt[330], 1.557334,
speedDebug.vt[331], 1.5040916,
speedDebug.vt[332], 1.5839549,
speedDebug.vt[333], 1.5440233,
speedDebug.vt[334], 1.557334,
speedDebug.vt[335], 1.5040916,
speedDebug.vt[336], 1.5174022,
speedDebug.vt[337], 1.5440233,
speedDebug.vt[338], 1.5706445,
speedDebug.vt[339], 1.557334,
speedDebug.vt[340], 1.4907811,
speedDebug.vt[341], 1.5174022,
speedDebug.vt[342], 1.5839549,
speedDebug.vt[343], 1.5440233,
speedDebug.vt[344], 1.5307126,
speedDebug.vt[345], 1.5706445,
speedDebug.vt[346], 1.5972654,
speedDebug.vt[347], 1.610576,
speedDebug.vt[348], 1.557334,
speedDebug.vt[349], 1.5307126,
speedDebug.vt[350], 1.5307126,
speedDebug.vt[351], 1.5706445,
speedDebug.vt[352], 1.5706445,
speedDebug.vt[353], 1.5706445,
speedDebug.vt[354], 1.5972654,
speedDebug.vt[355], 1.6371969,
speedDebug.vt[356], 1.5972654,
speedDebug.vt[357], 1.5706445,
speedDebug.vt[358], 1.5839549,
speedDebug.vt[359], 1.6371969,
speedDebug.vt[360], 1.6371969,
speedDebug.vt[361], 1.6238865,
speedDebug.vt[362], 1.610576,
speedDebug.vt[363], 1.6371969,
speedDebug.vt[364], 1.6238865,
speedDebug.vt[365], 1.557334,
speedDebug.vt[366], 1.5040916,
speedDebug.vt[367], 1.4907811,
speedDebug.vt[368], 1.5040916,
speedDebug.vt[369], 1.4907811,
speedDebug.vt[370], 1.4774705,
speedDebug.vt[371], 1.5174022,
speedDebug.vt[372], 1.4774705,
speedDebug.vt[373], 1.4774705,
speedDebug.vt[374], 1.4508495,
speedDebug.vt[375], 1.4508495,
speedDebug.vt[376], 1.3976072,
speedDebug.vt[377], 1.3842967,
speedDebug.vt[378], 1.3576757,
speedDebug.vt[379], 1.3443651,
speedDebug.vt[380], 1.3177441,
speedDebug.vt[381], 1.2911229,
speedDebug.vt[382], 1.2378807,
speedDebug.vt[383], 1.2511913,
speedDebug.vt[384], 1.2511913,
speedDebug.vt[385], 1.1979492,
speedDebug.vt[386], 1.1979492,
speedDebug.vt[387], 1.2112597,
speedDebug.vt[388], 1.1713281,
speedDebug.vt[389], 1.0781542,
speedDebug.vt[390], 1.0914648,
speedDebug.vt[391], 1.1047753,
speedDebug.vt[392], 1.0914648,
speedDebug.vt[393], 1.0648437,
speedDebug.vt[394], 1.0515331,
speedDebug.vt[395], 1.0914648,
speedDebug.vt[396], 1.0648437,
speedDebug.vt[397], 1.0648437,
speedDebug.vt[398], 1.0914648,
speedDebug.vt[399], 1.0781542,
speedDebug.vt[400], 1.0781542,
speedDebug.vt[401], 1.0648437,
speedDebug.vt[402], 1.0648437,
speedDebug.vt[403], 1.0648437,
speedDebug.vt[404], 1.0781542,
speedDebug.vt[405], 1.0515331,
speedDebug.vt[406], 1.024912,
speedDebug.vt[407], 1.024912,
speedDebug.vt[408], 1.0382226,
speedDebug.vt[409], 1.0515331,
speedDebug.vt[410], 1.024912,
speedDebug.vt[411], 0.99829096,
speedDebug.vt[412], 1.0116014,
speedDebug.vt[413], 1.0116014,
speedDebug.vt[414], 0.9716698,
speedDebug.vt[415], 0.98498034,
speedDebug.vt[416], 0.95835924,
speedDebug.vt[417], 0.98498034,
speedDebug.vt[418], 0.9450487,
speedDebug.vt[419], 0.9184277,
speedDebug.vt[420], 0.90511715,
speedDebug.vt[421], 0.8918066,
speedDebug.vt[422], 0.8918066,
speedDebug.vt[423], 0.93173826,
speedDebug.vt[424], 0.95835924,
speedDebug.vt[425], 0.9450487,
speedDebug.vt[426], 0.93173826,
speedDebug.vt[427], 0.9184277,
speedDebug.vt[428], 0.87849605,
speedDebug.vt[429], 0.8518749,
speedDebug.vt[430], 0.8518749,
speedDebug.vt[431], 0.83856434,
speedDebug.vt[432], 0.8252538,
speedDebug.vt[433], 0.81194323,
speedDebug.vt[434], 0.7986327,
speedDebug.vt[435], 0.7986327,
speedDebug.vt[436], 0.77201164,
speedDebug.vt[437], 0.74539053,
speedDebug.vt[438], 0.74539053,
speedDebug.vt[439], 0.7054589,
speedDebug.vt[440], 0.6921483,
speedDebug.vt[441], 0.67883784,
speedDebug.vt[442], 0.6655273,
speedDebug.vt[443], 0.6655273,
speedDebug.vt[444], 0.6255956,
speedDebug.vt[445], 0.6389062,
speedDebug.vt[446], 0.6122851,
speedDebug.vt[447], 0.5989746,
speedDebug.vt[448], 0.55904293,
speedDebug.vt[449], 0.5723535,
speedDebug.vt[450], 0.5324218,
speedDebug.vt[451], 0.5457324,
speedDebug.vt[452], 0.5324218,
speedDebug.vt[453], 0.5058007,
speedDebug.vt[454], 0.5191113,
speedDebug.vt[455], 0.5058007,
speedDebug.vt[456], 0.49249017,
speedDebug.vt[457], 0.47917962,
speedDebug.vt[458], 0.46586913,
speedDebug.vt[459], 0.46586913,
speedDebug.vt[460], 0.46586913,
speedDebug.vt[461], 0.43924803,
speedDebug.vt[462], 0.43924803,
speedDebug.vt[463], 0.42593744,
speedDebug.vt[464], 0.43924803,
speedDebug.vt[465], 0.45255858,
speedDebug.vt[466], 0.43924803,
speedDebug.vt[467], 0.42593744,
speedDebug.vt[468], 0.43924803,
speedDebug.vt[469], 0.42593744,
speedDebug.vt[470], 0.4126269,
speedDebug.vt[471], 0.39931634,
speedDebug.vt[472], 0.38600582,
speedDebug.vt[473], 0.38600582,
speedDebug.vt[474], 0.35938472,
speedDebug.vt[475], 0.38600582,
speedDebug.vt[476], 0.37269527,
speedDebug.vt[477], 0.35938472,
speedDebug.vt[478], 0.34607416,
speedDebug.vt[479], 0.35938472,
speedDebug.vt[480], 0.3194531,
speedDebug.vt[481], 0.3194531,
speedDebug.vt[482], 0.3194531,
speedDebug.vt[483], 0.30614254,
speedDebug.vt[484], 0.30614254,
speedDebug.vt[485], 0.27952147,
speedDebug.vt[486], 0.27952147,
speedDebug.vt[487], 0.2662109,
speedDebug.vt[488], 0.2662109,
speedDebug.vt[489], 0.2662109,
speedDebug.vt[490], 0.23958981,
speedDebug.vt[491], 0.22627929,
speedDebug.vt[492], 0.21296872,
speedDebug.vt[493], 0.21296872,
speedDebug.vt[494], 0.18634763,
speedDebug.vt[495], 0.17303708,
speedDebug.vt[496], 0.15972655,
speedDebug.vt[497], 0.146416,
speedDebug.vt[498], 0.146416,
speedDebug.vt[499], 0.119794905,
speedDebug.vt[500], 0.10648436,
speedDebug.vt[501], 0.10648436,
speedDebug.vt[502], 0.07986327,
speedDebug.vt[503], 0.07986327,
speedDebug.vt[504], 0.07986327,
speedDebug.vt[505], 0.05324218,
speedDebug.vt[506], 0.02662109,
speedDebug.vt[507], 0.02662109,
speedDebug.vt[508], 0.013310545,
speedDebug.vt[509], 0.013310545,
speedDebug.vt[510], 0.0,
speedDebug.vt[511], 0.0,
speedDebug.vt[512], 0.0,
speedDebug.vt[513], 0.0,
speedDebug.vt[514], 0.0,
speedDebug.vt[515], 0.0,
speedDebug.vt[516], 0.0,
speedDebug.vt[517], 0.0,
speedDebug.vt[518], 0.0,
speedDebug.vt[519], 0.0,
speedDebug.vt[520], 0.0,
speedDebug.vt[521], 0.0,
speedDebug.vt[522], 0.0,
speedDebug.vt[523], 0.0,
speedDebug.vt[524], 0.0,
speedDebug.vt[525], 0.0,
speedDebug.vt[526], 0.0,
speedDebug.vt[527], 0.0,
speedDebug.vt[528], 0.0,
speedDebug.vt[529], 0.0,
speedDebug.vt[530], 0.0,
speedDebug.vt[531], 0.0,
speedDebug.vt[532], 0.0,
speedDebug.vt[533], 0.0,
speedDebug.vt[534], 0.0,
speedDebug.vt[535], 0.0,
speedDebug.vt[536], -0.013310545,
speedDebug.vt[537], -0.013310545,
speedDebug.vt[538], -0.013310545,
speedDebug.vt[539], -0.039931636,
speedDebug.vt[540], -0.09317382,
speedDebug.vt[541], -0.13310546,
speedDebug.vt[542], -0.18634763,
speedDebug.vt[543], -0.22627929,
speedDebug.vt[544], -0.27952147,
speedDebug.vt[545], -0.34607416,
speedDebug.vt[546], -0.35938472,
speedDebug.vt[547], -0.39931634,
speedDebug.vt[548], -0.42593744,
speedDebug.vt[549], -0.4126269,
speedDebug.vt[550], -0.45255858,
speedDebug.vt[551], -0.43924803,
speedDebug.vt[552], -0.47917962,
speedDebug.vt[553], -0.47917962,
speedDebug.vt[554], -0.5058007,
speedDebug.vt[555], -0.5191113,
speedDebug.vt[556], -0.5457324,
speedDebug.vt[557], -0.5723535,
speedDebug.vt[558], -0.5723535,
speedDebug.vt[559], -0.55904293,
speedDebug.vt[560], -0.5723535,
speedDebug.vt[561], -0.585664,
speedDebug.vt[562], -0.5723535,
speedDebug.vt[563], -0.58566403,
speedDebug.vt[564], -0.6122851,
speedDebug.vt[565], -0.6122851,
speedDebug.vt[566], -0.6255956,
speedDebug.vt[567], -0.6122851,
speedDebug.vt[568], -0.5989746,
speedDebug.vt[569], -0.585664,
speedDebug.vt[570], -0.585664,
speedDebug.vt[571], -0.5989745,
speedDebug.vt[572], -0.6255956,
speedDebug.vt[573], -0.6122851,
speedDebug.vt[574], -0.6122851,
speedDebug.vt[575], -0.65221673,
speedDebug.vt[576], -0.6255956,
speedDebug.vt[577], -0.6255956,
speedDebug.vt[578], -0.6389062,
speedDebug.vt[579], -0.6122851,
speedDebug.vt[580], -0.6255956,
speedDebug.vt[581], -0.6655273,
speedDebug.vt[582], -0.65221673,
speedDebug.vt[583], -0.67883784,
speedDebug.vt[584], -0.6921483,
speedDebug.vt[585], -0.67883784,
speedDebug.vt[586], -0.7054589,
speedDebug.vt[587], -0.6921483,
speedDebug.vt[588], -0.71876943,
speedDebug.vt[589], -0.73208,
speedDebug.vt[590], -0.73208,
speedDebug.vt[591], -0.7587011,
speedDebug.vt[592], -0.7587011,
speedDebug.vt[593], -0.7986327,
speedDebug.vt[594], -0.78532225,
speedDebug.vt[595], -0.8252538,
speedDebug.vt[596], -0.8252538,
speedDebug.vt[597], -0.8518749,
speedDebug.vt[598], -0.86518544,
speedDebug.vt[599], -0.87849605,
speedDebug.vt[600], -0.9184277,
speedDebug.vt[601], -0.90511715,
speedDebug.vt[602], -0.9184277,
speedDebug.vt[603], -0.90511715,
speedDebug.vt[604], -0.9450487,
speedDebug.vt[605], -0.9450487,
speedDebug.vt[606], -0.9716698,
speedDebug.vt[607], -0.98498034,
speedDebug.vt[608], -0.98498034,
speedDebug.vt[609], -0.99829096,
speedDebug.vt[610], -1.024912,
speedDebug.vt[611], -1.0648437,
speedDebug.vt[612], -1.0781542,
speedDebug.vt[613], -1.0914648,
speedDebug.vt[614], -1.0781542,
speedDebug.vt[615], -1.0914648,
speedDebug.vt[616], -1.0914648,
speedDebug.vt[617], -1.0914648,
speedDebug.vt[618], -1.1180859,
speedDebug.vt[619], -1.1047753,
speedDebug.vt[620], -1.144707,
speedDebug.vt[621], -1.1713281,
speedDebug.vt[622], -1.1713281,
speedDebug.vt[623], -1.1846386,
speedDebug.vt[624], -1.197949,
speedDebug.vt[625], -1.1846386,
speedDebug.vt[626], -1.1713281,
speedDebug.vt[627], -1.1580175,
speedDebug.vt[628], -1.1713281,
speedDebug.vt[629], -1.1713281,
speedDebug.vt[630], -1.2245702,
speedDebug.vt[631], -1.197949,
speedDebug.vt[632], -1.2112597,
speedDebug.vt[633], -1.2112597,
speedDebug.vt[634], -1.2378807,
speedDebug.vt[635], -1.2378807,
speedDebug.vt[636], -1.2245702,
speedDebug.vt[637], -1.171328,
speedDebug.vt[638], -1.197949,
speedDebug.vt[639], -1.2245702,
speedDebug.vt[640], -1.2112597,
speedDebug.vt[641], -1.197949,
speedDebug.vt[642], -1.2245702,
speedDebug.vt[643], -1.2378807,
speedDebug.vt[644], -1.2511913,
speedDebug.vt[645], -1.2911229,
speedDebug.vt[646], -1.3177441,
speedDebug.vt[647], -1.3310546,
speedDebug.vt[648], -1.3709861,
speedDebug.vt[649], -1.3709861,
speedDebug.vt[650], -1.3976072,
speedDebug.vt[651], -1.3576757,
speedDebug.vt[652], -1.4109178,
speedDebug.vt[653], -1.4375389,
speedDebug.vt[654], -1.46416,
speedDebug.vt[655], -1.4774705,
speedDebug.vt[656], -1.4508495,
speedDebug.vt[657], -1.46416,
speedDebug.vt[658], -1.5174022,
speedDebug.vt[659], -1.4907811,
speedDebug.vt[660], -1.4508495,
speedDebug.vt[661], -1.4375389,
speedDebug.vt[662], -1.5174022,
speedDebug.vt[663], -1.5040916,
speedDebug.vt[664], -1.4375389,
speedDebug.vt[665], -1.5174022,
speedDebug.vt[666], -1.557334,
speedDebug.vt[667], -1.6238865,
speedDebug.vt[668], -1.6771287,
speedDebug.vt[669], -1.6505076,
speedDebug.vt[670], -1.6904392,
speedDebug.vt[671], -1.7703027,
speedDebug.vt[672], -1.6771287,
speedDebug.vt[673], -1.6638182,
speedDebug.vt[674], -1.6638182,
speedDebug.vt[675], -1.6371969,
speedDebug.vt[676], -1.5972654,
speedDebug.vt[677], -1.5972654,
speedDebug.vt[678], -1.6771287,
speedDebug.vt[679], -1.6638182,
speedDebug.vt[680], -1.5839549,
speedDebug.vt[681], -1.5706445,
speedDebug.vt[682], -1.5706445,
speedDebug.vt[683], -1.610576,
speedDebug.vt[684], -1.5706445,
speedDebug.vt[685], -1.6238865,
speedDebug.vt[686], -1.610576,
speedDebug.vt[687], -1.6505076,
speedDebug.vt[688], -1.5839549,
speedDebug.vt[689], -1.5706445,
speedDebug.vt[690], -1.5972654,
speedDebug.vt[691], -1.5972654,
speedDebug.vt[692], -1.5440233,
speedDebug.vt[693], -1.5174022,
speedDebug.vt[694], -1.557334,
speedDebug.vt[695], -1.5706445,
speedDebug.vt[696], -1.5706445,
speedDebug.vt[697], -1.5040916,
speedDebug.vt[698], -1.5174022,
speedDebug.vt[699], -1.5440233,
speedDebug.vt[700], -1.5972654,
speedDebug.vt[701], -1.5706445,
speedDebug.vt[702], -1.5307126,
speedDebug.vt[703], -1.5839549,
speedDebug.vt[704], -1.610576,
speedDebug.vt[705], -1.610576,
speedDebug.vt[706], -1.610576,
speedDebug.vt[707], -1.5839549,
speedDebug.vt[708], -1.5972654,
speedDebug.vt[709], -1.610576,
speedDebug.vt[710], -1.6371969,
speedDebug.vt[711], -1.6238865,
speedDebug.vt[712], -1.5972654,
speedDebug.vt[713], -1.5972654,
speedDebug.vt[714], -1.6638182,
speedDebug.vt[715], -1.6371969,
speedDebug.vt[716], -1.5839549,
speedDebug.vt[717], -1.557334,
speedDebug.vt[718], -1.6238865,
speedDebug.vt[719], -1.6505076,
speedDebug.vt[720], -1.5839549,
speedDebug.vt[721], -1.5972654,
speedDebug.vt[722], -1.6505076,
speedDebug.vt[723], -1.6771287,
speedDebug.vt[724], -1.6371969,
speedDebug.vt[725], -1.5839549,
speedDebug.vt[726], -1.5839549,
speedDebug.vt[727], -1.5839549,
speedDebug.vt[728], -1.5706445,
speedDebug.vt[729], -1.610576,
speedDebug.vt[730], -1.610576,
speedDebug.vt[731], -1.6238865,
speedDebug.vt[732], -1.6638182,
speedDebug.vt[733], -1.6638182,
speedDebug.vt[734], -1.6238865,
speedDebug.vt[735], -1.6238865,
speedDebug.vt[736], -1.6238865,
speedDebug.vt[737], -1.6505076,
speedDebug.vt[738], -1.610576,
speedDebug.vt[739], -1.5440233,
speedDebug.vt[740], -1.557334,
speedDebug.vt[741], -1.5839549,
speedDebug.vt[742], -1.5972654,
speedDebug.vt[743], -1.5972654,
speedDebug.vt[744], -1.5972654,
speedDebug.vt[745], -1.5972654,
speedDebug.vt[746], -1.5972654,
speedDebug.vt[747], -1.610576,
speedDebug.vt[748], -1.6238865,
speedDebug.vt[749], -1.5972654,
speedDebug.vt[750], -1.610576,
speedDebug.vt[751], -1.5972654,
speedDebug.vt[752], -1.6238865,
speedDebug.vt[753], -1.5839549,
speedDebug.vt[754], -1.5706445,
speedDebug.vt[755], -1.5174022,
speedDebug.vt[756], -1.4907811,
speedDebug.vt[757], -1.4907811,
speedDebug.vt[758], -1.5440233,
speedDebug.vt[759], -1.5972654,
speedDebug.vt[760], -1.6238865,
speedDebug.vt[761], -1.6771287,
speedDebug.vt[762], -1.6505076,
speedDebug.vt[763], -1.6638182,
speedDebug.vt[764], -1.6638182,
speedDebug.vt[765], -1.6638182,
speedDebug.vt[766], -1.7037498,
speedDebug.vt[767], -1.6638182,
speedDebug.vt[768], -1.5972654,
speedDebug.vt[769], -1.610576,
speedDebug.vt[770], -1.557334,
speedDebug.vt[771], -1.610576,
speedDebug.vt[772], -1.5972654,
speedDebug.vt[773], -1.5972654,
speedDebug.vt[774], -1.6638182,
speedDebug.vt[775], -1.6238865,
speedDebug.vt[776], -1.7037498,
speedDebug.vt[777], -1.6238865,
speedDebug.vt[778], -1.7037498,
speedDebug.vt[779], -1.7170604,
speedDebug.vt[780], -1.7170604,
speedDebug.vt[781], -1.7037498,
speedDebug.vt[782], -1.7436814,
speedDebug.vt[783], -1.7037498,
speedDebug.vt[784], -1.6371969,
speedDebug.vt[785], -1.557334,
speedDebug.vt[786], -1.5839549,
speedDebug.vt[787], -1.5706445,
speedDebug.vt[788], -1.5706445,
speedDebug.vt[789], -1.610576,
speedDebug.vt[790], -1.5706445,
speedDebug.vt[791], -1.5972654,
speedDebug.vt[792], -1.610576,
speedDebug.vt[793], -1.6505076,
speedDebug.vt[794], -1.610576,
speedDebug.vt[795], -1.610576,
speedDebug.vt[796], -1.610576,
speedDebug.vt[797], -1.6505076,
speedDebug.vt[798], -1.5839549,
speedDebug.vt[799], -1.557334,
